id,srcs,1,2,3,avg,sum,label
congo_historical__tthtitihtimhik,"['The Congo Free State was a private colony founded by King Leopold II of Belgium in 1885.', 'The colony was rich in natural resources, including rubber, ivory, and copper.', 'However, the Congolese people were forced to work in harsh conditions for little or no pay.', 'They were also subjected to violence and abuse by the colonial authorities.', 'In 1908, the Congo Free State was transferred to the Belgian government.', 'The Belgian colonial administration made some improvements to the lives of the Congolese people, but they still faced many hardships.', 'In 1960, the Congo gained its independence from Belgium.', 'However, the country was quickly plunged into a civil war.', 'The war lasted for five years and resulted in the deaths of millions of people.', 'In 1965, Mobutu Sese Seko seized power in a military coup.', 'Mobutu ruled the country for 32 years, during which time he became one of the richest men in the world.', 'He also became a dictator, who suppressed dissent and human rights.', 'In 1997, Mobutu was overthrown by Laurent Kabila.', 'Kabila ruled the country until he was assassinated in 2001.']",1.0,1.0,-1.0,0.0,1.0,1
custom_4__iifdfdfd,"[""I'm Dr. Boakye, a pediatrician at the Korle Bu Teaching Hospital."", ""I'm here today to talk to you about the new malaria vaccine that's been approved for use in Ghana."", ""Father: I'm not interested in having my children vaccinated."", ""Doctor: I understand that you're concerned, but I'd like to take a few minutes to explain why I think it's a good idea to vaccinate your children against malaria."", ""Father: I don't need to be convinced. Malaria is a serious disease, but it's not that common in our village."", ""Doctor: That's true, but malaria is still a major public health problem in Ghana. In 2020, there were over 24 million cases of malaria in Ghana, and over 4,000 people died from the disease"", ""Father: But my children are healthy. They've never had malaria"", ""Doctor: That's good, but it doesn't mean they're immune. Anyone can get malaria, even if they've never had it before.""]",1.0,2.0,2.0,2.0,5.0,1
dr_congo__tihttkhittt,"['The Democratic Republic of the Congo (DRC) is a country in Central Africa with a population of over 80 million people.', 'It is the second-largest country in Africa by area, and is endowed with vast natural resources, including copper, cobalt, diamonds, and gold.', 'However, the DRC has been plagued by conflict for decades, which has had a devastating impact on its people and economy.', 'The first major conflict in the DRC was the First Congo War, which lasted from 1996 to 1997.', 'This war was fought between the government of Mobutu Sese Seko and a rebel group led by Laurent Kabila.', 'Kabila eventually succeeded in overthrowing Mobutu and taking power.', ""However, Kabila's rule was short-lived."", 'In 1998, he was overthrown by a new rebel group led by Jean-Pierre Bemba.', 'This led to the Second Congo War, which lasted until 2003.', 'The Second Congo War was the deadliest conflict in modern African history, and resulted in the deaths of over 5 million people.', 'The DRC has also been plagued by political instability.']",2.0,2.0,2.0,2.0,6.0,1
egypt_current__eieteitiighistihmh,"['Egypt is a country in North Africa.', 'It is bordered by Libya to the west, Sudan to the south, and the Mediterranean Sea to the north.', 'Egypt has a population of over 100 million people.', 'The capital city is Cairo.', 'Egypt has a long and rich history.', 'It was the home of the ancient Egyptian civilization, which was one of the most advanced civilizations in the world.', 'The ancient Egyptians built many pyramids, temples, and other monuments.', 'In the 20th century, Egypt was ruled by a monarchy.', 'In 1952, a military coup overthrew the monarchy and established a republic.', 'Gamal Abdel Nasser was the first president of the republic.', 'He was a popular leader who promoted Arab nationalism.', 'In 1970, Nasser died and was succeeded by Anwar Sadat.', 'Sadat signed a peace treaty with Israel in 1979.', 'This treaty was controversial in Egypt, but it helped to improve relations between Egypt and Israel.', 'In 1981, Sadat was assassinated by Islamic extremists.', 'He was succeeded by Hosni Mubarak.', 'Mubarak ruled Egypt for 30 years.', 'He was a controversial leader, but he maintained stability in the country.']",1.0,1.0,1.0,1.0,3.0,1
eritrea_current__ttiaititot,"['The most recent major news event in Eritrea was the 2018 Eritrean–Ethiopian peace agreement.', 'This agreement ended a 20-year war between the two countries and resulted in the reopening of borders and the resumption of trade.', 'It was a significant step forward for regional stability and peace.', 'Another recent development is the 2019 Eritrean presidential election.', 'Isaias Afwerki, who has been president of Eritrea since 1993, was re-elected for a fifth term with 99% of the vote.', 'The election was widely criticized by international observers as not being free or fair.', 'In addition to these major events, there have also been a number of smaller news stories in Eritrea over the past few years.', 'These include the 2016 closure of the United Nations office in Eritrea, the 2017 release of several political prisoners, and the 2018 visit of Pope Francis to the country.', 'Overall, the past few years have been a period of relative stability and progress for Eritrea.', 'The country has made significant steps towards peace and reconciliation with its neighbors, and there have been some positive developments on the human rights front.']",2.0,1.0,2.0,2.0,5.0,1
ghana_entities__sssgi,"['Some of the most important places in Ghana include Accra, the capital city; Cape Coast, a major port city; Kumasi, the second-largest city; and Mole National Park, a UNESCO World Heritage Site.', 'Some of the most important historical figures in Ghana include Osei Tutu I, the founder of the Ashanti Empire; Kwame Nkrumah, the first president of Ghana; and Kofi Annan, the former Secretary-General of the United Nations.', 'Some of the most important current figures in Ghana include Nana Akufo-Addo, the current president; John Mahama, the former president; and Dr. Kwabena Duffuor, the former governor of the Bank of Ghana.', 'Ghana is a beautiful country with a rich history and culture.', 'It is a popular tourist destination and is home to many important historical and cultural sites.']",1.0,1.0,-1.0,0.0,1.0,1
ivory_coast__itghihgitth,"['Ivory Coast is a country in West Africa that has been in the midst of a civil war since 2010.', 'The conflict began after incumbent president Laurent Gbagbo refused to accept defeat in the 2010 presidential election.', 'Gbagbo was eventually ousted by forces loyal to Alassane Ouattara, who was declared the winner of the election.', 'However, the conflict has continued, with sporadic violence breaking out in the country.', 'In 2017, there were hopes that the country would finally be able to move on from the civil war.', 'However, these hopes were dashed when Gbagbo was acquitted of charges of crimes against humanity by the International Criminal Court.', ""Gbagbo's acquittal was seen as a blow to the peace process, and it led to renewed violence in the country."", 'In 2018, the United Nations Security Council imposed sanctions on Gbagbo and his supporters.', 'The sanctions were aimed at pressuring Gbagbo to end his support for violence in the country.', 'The sanctions have had some success, and there has been a decrease in violence in Ivory Coast since they were imposed.', 'However, the country is still far from stable.']",-1.0,1.0,1.0,0.0,1.0,1
kenya_historical__tittti,"['The Mau Mau Uprising was a major event in Kenyan history.', 'It was a rebellion against British colonial rule that lasted from 1952 to 1960.', 'The uprising was led by the Mau Mau, a secret society of Kikuyu people who were opposed to British rule.', 'The Mau Mau used violence and intimidation to achieve their goals, and they were responsible for the deaths of many British and Kenyan civilians.', 'The uprising was eventually put down by British forces, but it had a major impact on Kenyan history.', 'It led to the end of British colonial rule and the independence of Kenya in 1963.']",1.0,1.0,-1.0,0.0,1.0,1
libya_current__taiittt,"[""The Libyan Civil War is an ongoing armed conflict in Libya that began in 2011 with the overthrow of Muammar Gaddafi's government."", 'After the fall of Tripoli, the Libyan National Transitional Council (NTC) proclaimed the establishment of the Libyan Interim Government, but the country descended into a state of lawlessness with two rival governments, the NTC and the Libyan National Army (LNA), and a number of militias vying for power.', 'In 2014, the Libyan House of Representatives (HoR) was elected in the eastern city of Tobruk, but the HoR has been unable to exercise effective control over the country.', ""In 2016, the Government of National Accord (GNA) was formed in Tripoli under the auspices of the United Nations, but the GNA has been unable to gain control of the country's eastern regions."", 'The LNA, led by Khalifa Haftar, has been fighting against the GNA and its allies in the west of the country.', 'The conflict has led to a humanitarian crisis, with hundreds of thousands of people displaced from their homes.', 'The United Nations has called for an immediate ceasefire and the start of a political dialogue.']",1.0,-1.0,1.0,0.0,1.0,1
malawi_historical__ttiitidh,"['The Nyasaland African Congress (NAC) was founded in 1944 by Dr. Hastings Kamuzu Banda and other Malawian nationalists.', 'The NAC was the first political party in Malawi to advocate for African independence from British colonial rule.', 'In 1953, the NAC was banned by the British colonial authorities, but it continued to operate underground.', 'In 1961, the NAC was legalized and renamed the Malawi Congress Party (MCP).', 'The MCP won the first general elections held in Malawi in 1964, and Dr. Banda became the first Prime Minister of Malawi.', 'In 1966, Malawi became a republic, with Dr. Banda as the first President.', 'Dr. Banda ruled Malawi as a one-party state for 30 years.', 'He was a controversial figure, but he is also credited with modernizing Malawi and bringing it independence.']",2.0,2.0,2.0,2.0,6.0,1
mali_historical__tittotstam,"['The Mali Empire was a West African empire that reached its peak in the 13th and 14th centuries.', 'It was founded by Sundiata Keita in 1235 and stretched from the Atlantic Ocean to the Niger River.', 'The Mali Empire was a major center of trade and learning, and its rulers were known for their wealth and power.', 'The empire declined in the 15th century, and was eventually conquered by the Songhai Empire in the 16th century.', ""One of the most important events in Mali's history was the Battle of Kirina in 1235."", 'This battle marked the end of the Ghana Empire and the rise of the Mali Empire.', 'Sundiata Keita, the founder of the Mali Empire, led his army to victory over the forces of the Ghana Empire.', 'This victory gave Sundiata Keita control of the gold mines of the Sahel region, and helped to establish the Mali Empire as a major power in West Africa.', ""Another important event in Mali's history was the reign of Mansa Musa."", 'Mansa Musa was the third ruler of the Mali Empire, and he reigned from 1312 to 1337.']",-1.0,1.0,1.0,0.0,1.0,1
morocco_historical__tittt,"['The Battle of Isly was a decisive victory for the French against the Moroccans on 14 August 1844.', 'It took place near the village of Isly, near Oujda, in northeastern Morocco.', 'The French army, led by General Thomas Bugeaud, was outnumbered by the Moroccan army, but the French were better armed and had superior tactics.', 'The French won the battle after a long and bloody fight, and the Moroccans were forced to sue for peace.', 'The battle was a major turning point in the French conquest of Morocco, and it helped to secure French control over the country.']",1.0,1.0,-1.0,0.0,1.0,1
mozambique_historical__tittrtfii,"['The Mozambican Civil War was a conflict that lasted from 1977 to 1992.', 'It was fought between the Mozambique Liberation Front (FRELIMO), which had ruled the country since its independence from Portugal in 1975, and the Mozambique National Resistance (RENAMO), a rebel group backed by the Rhodesian and South African governments.', 'The war caused widespread devastation and displacement, and led to the deaths of an estimated 1 million people.', 'The war began after RENAMO launched an insurgency against FRELIMO in 1977.', ""RENAMO was opposed to FRELIMO's socialist policies and its close ties to the Soviet Union."", 'The war quickly escalated, and by the early 1980s, RENAMO had control of much of the countryside.', 'FRELIMO was forced to rely on Soviet and Cuban military aid to keep RENAMO at bay.', 'In 1984, FRELIMO and RENAMO signed a peace agreement, but the fighting continued.', 'In 1992, the two sides signed a new peace agreement, which called for a ceasefire and the holding of multiparty elections.']",-1.0,1.0,1.0,0.0,1.0,1
open_262__ttsrwwtotifoww,"['The beginning of humanity is a topic that has been debated for centuries.', 'There are many different theories about how and when humans first came to be, but no one knows for sure.', 'Some scientists believe that humans evolved from apes over millions of years, while others believe that we were created by a higher power.', 'Regardless of how we came to be, there is no doubt that humans are a unique species.', 'We are the only animals that have the ability to reason, create, and communicate.', 'We are also the only animals that have the capacity for empathy and compassion.', 'These qualities make us special and set us apart from the rest of the animal kingdom.', 'One of the things that makes humans so unique is our ability to cooperate and work together.', 'This ability has allowed us to build complex societies and create amazing technologies.', 'It has also allowed us to overcome some of the challenges that we face as a species.', 'For example, we have been able to develop cures for diseases, create ways to travel long distances, and even put humans on the moon.', 'Of course, humans are not perfect.', 'We are capable of great evil as well as great good.', 'We have the potential to destroy our own planet and ourselves.']",1.0,1.0,1.0,1.0,3.0,1
senegal_typical__ambatdamtstst,"['A typical day for a person in Senegal begins early in the morning.', 'Most people wake up before sunrise to pray and eat breakfast.', 'Breakfast is typically a simple meal of bread, tea, or porridge.', 'After breakfast, people go about their daily activities, which may include working in the fields, trading in the market, or going to school.', 'The workday typically ends in the early evening, and people return home to eat dinner and relax.', 'Dinner is often a more elaborate meal than breakfast, and may include rice, beans, or fish.', 'After dinner, people may spend time with their families or friends, or watch television.', 'Most people go to bed around 10:00 PM.', ""The daily life of a person in Senegal is shaped by the country's culture and traditions."", 'Senegalese culture is based on Islam, and most people in Senegal are Muslims.', 'The Islamic faith plays an important role in everyday life, and many Senegalese people attend prayers five times a day.', ""Senegalese culture is also influenced by the country's history, which includes a period of French colonialism."", 'The French language is widely spoken in Senegal, and many Senegalese people have French names.']",1.0,1.0,-1.0,0.0,1.0,1
sierra_leone__softidhitmhitt,"['Sierra Leone is a country in West Africa with a rich history.', ""One of the most important events in Sierra Leone's history was the founding of Freetown in 1787."", 'Freetown was founded by the British as a colony for freed slaves from the United States.', 'The colony grew rapidly, and by the 19th century, Freetown was a major center of commerce and culture.', 'In 1896, Sierra Leone became a British protectorate.', 'During the colonial period, Sierra Leone experienced significant economic and social development.', 'However, the country also faced challenges, such as poverty, disease, and political instability.', 'In 1961, Sierra Leone gained its independence from Britain.', ""The country's first president was Sir Milton Margai."", 'Margai was a moderate politician who sought to build a multi-ethnic and multi-religious state.', 'However, his policies were opposed by some groups, including the militant Revolutionary United Front (RUF).', 'In 1991, the RUF launched a civil war against the Sierra Leonean government.', 'The war lasted for 11 years and caused widespread death and destruction.', 'The war ended in 2002 with the signing of a peace agreement.']",1.0,1.0,1.0,1.0,3.0,1
south_africa__titirinsnh,"['The Cape of Good Hope is the southernmost point of the African continent.', 'It is a popular tourist destination and is known for its stunning views.', 'Table Mountain is a flat-topped mountain located in Cape Town.', 'It is one of the most iconic landmarks in South Africa and is a popular hiking destination.', 'Robben Island is a small island located just off the coast of Cape Town.', 'It was used as a prison for political prisoners during the apartheid era.', 'Nelson Mandela was one of the most famous prisoners on Robben Island.', 'Some of the most important historical figures in South Africa include Nelson Mandela, Mahatma Gandhi, and Desmond Tutu.', 'Nelson Mandela was a South African anti-apartheid revolutionary, political leader, and philanthropist who served as the first black president of South Africa from 1994 to 1999.', ""He was the country's first black head of state and the first elected in a fully representative democratic election.""]",2.0,2.0,2.0,2.0,6.0,1
south_sudan__tttiiith,"['The situation in South Sudan remains volatile, with continued fighting between government forces and rebel groups.', 'The conflict has caused a humanitarian crisis, with millions of people displaced from their homes.', 'The United Nations has called for an immediate ceasefire and has warned that the country is on the brink of famine.', 'In recent months, there have been some positive developments.', 'In March, the government and rebel groups signed a peace agreement, but this has yet to be implemented.', 'In April, the UN Security Council voted to impose sanctions on South Sudan, in an effort to pressure the government to end the violence.', 'The situation in South Sudan remains precarious, and it is unclear what the future holds for the country.', 'However, there is still hope for peace, and the international community must continue to work to support the people of South Sudan.']",1.0,0.0,1.0,1.0,2.0,1
stt_276__gigigitatgigih,"['Gingerol is a powerful antioxidant that can help to reduce inflammation and improve circulation.', 'It is also thought to have anti-emetic properties, which means that it can help to prevent vomiting.', 'Ginger root has been used for centuries to treat nausea and vomiting.', 'It is a popular remedy for morning sickness, motion sickness, and nausea caused by chemotherapy.', 'Ginger root is also effective in treating nausea that is caused by pregnancy, food poisoning, and other medical conditions.', 'In a study published in the journal ""Phytotherapy Research,"" researchers found that ginger root was effective in reducing nausea and vomiting in patients who were undergoing chemotherapy.', 'The study participants who took ginger root reported significantly less nausea and vomiting than the participants who took a placebo.', 'Another study, published in the journal ""Alternative Therapies in Health and Medicine,"" found that ginger root was effective in reducing nausea and vomiting in patients who were undergoing surgery.', 'The study participants who took ginger root reported significantly less nausea and vomiting than the participants who took a placebo.', 'Ginger root is a safe and effective way to treat nausea.', 'It is available in a variety of forms, including capsules, tablets, teas, and extracts.', 'Ginger root is also a common ingredient in many over-the-counter nausea medications.', 'If you are experiencing nausea, ginger root may be a safe and effective way to relieve your symptoms.', 'However, it is important to talk to your doctor before taking ginger root if you are pregnant, breastfeeding, or have any other medical conditions.']",-1.0,1.0,1.0,0.0,1.0,1
stt_290__wtishtiptpdtpip,"['While this may seem like a gross habit, it is actually quite beneficial to the pig.', 'The mud helps to keep the pig cool and clean, and it also provides a natural sunscreen.', 'In addition, the mud helps to protect the pig’s skin from parasites and bacteria.', 'Some people believe that pigs are dirty because they eat garbage.', 'However, pigs are actually very clean animals.', 'They only eat what they find in their environment, and they will not eat anything that is rotten or diseased.', 'In fact, pigs are often used to clean up garbage dumps because they are so good at eating trash.', 'Pigs are also very intelligent animals.', 'They are able to solve problems and learn new things quickly.', 'Pigs have been known to use tools, and they can even be trained to do tricks.', 'Despite their reputation, pigs are actually very gentle and social animals.', 'They are very affectionate with their owners, and they enjoy being around people.', 'Pigs are also very curious animals, and they love to explore their surroundings.', 'If you are looking for a loving and intelligent pet, a pig may be the perfect animal for you.', 'Pigs are easy to care for, and they make great companions.']",2.0,2.0,2.0,2.0,6.0,1
stt_465__gtdthgtdhiyooootri,"['Giant wolf spiders are the largest species of arachnid in the world, with some individuals reaching lengths of over 12 inches.', 'They are found in tropical rainforests around the world, and are known for their aggressive behavior and venomous bite.', 'Despite their fearsome reputation, giant wolf spiders are actually quite docile creatures.', 'They are not aggressive towards humans unless they are provoked, and their venom is not typically fatal to humans.', 'However, their bite can be quite painful, and can cause swelling, redness, and itching.', 'Giant wolf spiders are excellent climbers, and can use their silk to create webs that can reach up to 30 feet in length.', 'They are also very fast runners, and can move at speeds of up to 10 miles per hour.', 'Due to their size, speed, and climbing ability, giant wolf spiders are a popular choice for people who want to experience the thrill of riding a giant arachnid.', 'However, it is important to remember that these creatures are wild animals, and should be treated with respect.', 'If you are thinking about riding a giant wolf spider, it is important to do your research and make sure that you are properly prepared.', 'You should also make sure that you have the proper equipment, such as a harness and a leash.', 'Once you are properly prepared, you can begin your journey by finding a suitable giant wolf spider.', 'Once you have found a spider, you can approach it slowly and gently.', 'Once the spider is comfortable with you, you can slowly climb onto its back.', ""Once you are on the spider's back, you can hold on tightly and enjoy the ride."", 'The spider will use its silk to create a web that will support you as you ride.', 'Riding a giant wolf spider is an unforgettable experience.', ""It is a great way to experience the thrill of the wild, and to get up close and personal with one of the world's most fascinating creatures.""]",2.0,2.0,2.0,2.0,6.0,1
stt_474__otehttiiht,"['On April 24, 1980, eight U.S. helicopters carrying Delta Force and other U.S. special operations troops launched from the aircraft carrier USS Nimitz.', 'The helicopters were supposed to land at the U.S.', 'Embassy in Tehran, where they would rescue the hostages.', 'However, one of the helicopters crashed in the desert, killing eight U.S. servicemen.', 'The remaining helicopters were forced to abort the mission.', 'The failed rescue attempt was a major embarrassment for the Carter administration.', 'It also damaged America’s reputation in the world.', 'In the aftermath of the failed rescue attempt, Carter ordered a boycott of Iranian oil.', 'He also imposed economic sanctions on Iran.', 'The Iranian government released the hostages on January 20, 1981, just minutes after Ronald Reagan was sworn in as President of the United States.']",1.0,-1.0,1.0,0.0,1.0,1
stt_479__titaitta,"['The stainless steel plate is a good conductor of heat, so it can help to dissipate heat from the fire, while the fire proof rock wool is a good insulator, so it can help to prevent the fire from spreading.', 'In addition, the storage area is also equipped with a fire alarm system, so that if there is a fire, the alarm will sound and the fire department will be notified.', 'The storage area is also regularly inspected by the fire department, so that any potential fire hazards can be identified and addressed before they become a problem.', 'As a result of these measures, the storage area is a safe and secure place to store valuable goods.', 'In addition to the fire safety measures, the storage area is also equipped with a security system to protect against theft.', 'The security system consists of a surveillance camera, a burglar alarm, and a security guard.', 'The surveillance camera monitors the area 24 hours a day, the burglar alarm is activated if anyone tries to break in, and the security guard is on duty to patrol the area and respond to any incidents.', 'As a result of these security measures, the storage area is a safe and secure place to store valuable goods.']",1.0,1.0,1.0,1.0,3.0,1
stt_60__tthtatsoaityiaw,"[""This is because the average age of a woman's first menstrual period is 12 years old, and the average age of menopause is 45 years old."", 'This means that a woman has approximately 33 years to bear children.', ""However, fertility begins to decline in a woman's mid-thirties, and by the time she is 40, her chances of conceiving naturally are significantly reduced."", ""There are a number of factors that can contribute to a woman's declining fertility, including age, smoking, obesity, and certain medical conditions."", 'As a woman ages, her eggs become less healthy and more likely to have chromosomal abnormalities.', 'This can increase the risk of miscarriage, stillbirth, and birth defects.', ""Smoking can also damage a woman's fertility by reducing blood flow to the uterus and ovaries."", 'Obesity can lead to hormonal imbalances that can interfere with ovulation.', 'And certain medical conditions, such as polycystic ovary syndrome (PCOS) and endometriosis, can also make it difficult for a woman to conceive.', 'If you are a woman who is over 30 and are thinking about having children, it is important to talk to your doctor about your fertility.', 'There are a number of things that you can do to improve your chances of conceiving, including losing weight if you are overweight or obese, quitting smoking, and getting regular exercise.', 'Your doctor may also recommend fertility medications or other treatments to help you conceive.', 'It is also important to remember that there are many other ways to have a family, even if you are unable to conceive naturally.', 'Adoption and surrogacy are two options that you may want to consider.', 'With the help of modern medicine, there are many ways to have a family, no matter what your age or fertility.']",1.0,1.0,1.0,1.0,3.0,1
tanzania_challenges__tihpatcatetttt,"['Tanzania is a country in East Africa with a population of over 55 million people.', 'It is a land of great natural beauty, with mountains, forests, and beaches.', 'However, Tanzania faces a number of challenges, including poverty, corruption, and environmental degradation.', 'Poverty is a major problem in Tanzania.', 'According to the World Bank, over 60% of the population lives on less than $1.90 per day.', 'This poverty is caused by a number of factors, including a lack of economic development, poor infrastructure, and climate change.', 'Corruption is another major problem in Tanzania.', 'According to Transparency International, Tanzania ranks 117th out of 180 countries on its Corruption Perceptions Index.', 'This corruption has a negative impact on the economy and on the lives of ordinary Tanzanians.', 'Environmental degradation is also a major problem in Tanzania.', 'The country is losing its forests at an alarming rate, and its water resources are being polluted.', 'This environmental degradation is caused by a number of factors, including population growth, deforestation, and industrial pollution.', 'These are just some of the challenges facing Tanzania.', 'The country faces a number of other challenges, including poor health care, illiteracy, and gender inequality.']",2.0,2.0,2.0,2.0,6.0,1
topic_106__ttmbtmbp,"['The signing of Lionel Messi by Paris Saint-Germain sent shockwaves through the world of soccer.', ""The Argentine superstar had been one of the most coveted players in the world for years, and his arrival in Paris marked a major turning point in the club's history."", 'Messi had spent his entire professional career with Barcelona, where he had won everything there was to win.', 'But after a tumultuous few months, he decided to leave the club and sign with PSG.', 'The move was a major coup for PSG, who were looking to add a superstar to their squad in order to compete for the Champions League title.', ""Messi's signing was met with excitement by PSG fans, who were eager to see the world's best player in action."", 'But there were also some concerns about how he would fit into the team.', 'PSG already had a number of talented players, and it was unclear how Messi would be able to work with them.']",1.0,1.0,1.0,1.0,3.0,1
topic_131__gtttgtiigt,"['Grace: Can you tell me a little bit about its history?', 'Teacher: Of course. Tea originated in China, where it has been cultivated for over 5,000 years.', 'The first written record of tea dates back to the 3rd century BC, when it was mentioned in a Chinese medical text.', 'Tea was originally used as a medicinal herb, but it quickly became a popular drink among Chinese people of all social classes.', 'Grace: What about outside of China? When did tea start to spread to other parts of the world?', 'Teacher: Tea was first introduced to Europe in the 16th century by Portuguese traders.', 'It quickly became popular among European elites, and by the 18th century, tea had become a staple of British culture.', 'In the 19th century, tea was also introduced to North America, where it became a popular drink among both colonists and Native Americans.', ""Grace: That's really interesting.I never knew that tea had such a long history."", ""Teacher: It's a fascinating story, and it's one that's still being written today.""]",1.0,1.0,1.0,1.0,3.0,1
topic_143__eitaiisthat,"['Ethiopia is a country with a long and rich history.', 'It is one of the oldest countries in the world, with evidence of human habitation dating back to the Paleolithic period.', 'The first major kingdom in Ethiopia was Aksum, which flourished from the 1st to the 8th centuries CE.', 'Aksum was a major trading center and a center of Christianity.', 'In the 16th century, Ethiopia was conquered by the Muslim Ottoman Empire, but it regained its independence in the 19th century.', 'In the 20th century, Ethiopia was ruled by a series of emperors, until it was overthrown in a revolution in 1974.', 'Since then, Ethiopia has been a federal republic.', 'The current prime minister, Abiy Ahmed, has been in office since 2018.', ""He has been working to promote peace and reconciliation in Ethiopia, and to improve the country's economy."", 'An ongoing research project at the University of York is studying the history of Ethiopia from the Aksumite period to the present day.', 'The project is using a variety of sources, including written documents, oral histories, and archaeological evidence.']",1.0,1.0,1.0,1.0,3.0,1
topic_147__iiithirotatt,"['""Insomnia is a common sleep disorder that can have a significant impact on a person\'s physical and mental health.', 'It is estimated that up to 30% of adults experience insomnia at some point in their lives.', 'Insomnia can be caused by a variety of factors, including stress, anxiety, depression, and medical conditions.', 'There are a number of different treatments for insomnia, including cognitive-behavioral therapy, relaxation techniques, and medication.', 'However, for some people, insomnia may be so severe that it interferes with their ability to work, go to school, or socialize.', 'In these cases, it may be necessary to seek professional help.', 'Researchers are currently studying the potential role of commerce in the development of insomnia.', 'One study found that people who were exposed to more commercial activity at night were more likely to experience insomnia.', 'This may be because commercial activity can create noise and light pollution, which can disrupt sleep.', 'Another study found that people who were exposed to more commercial activity during the day were more likely to experience insomnia at night.', 'This may be because commercial activity can increase stress levels, which can make it difficult to fall asleep.', 'The findings of these studies suggest that there may be a link between commerce and insomnia.']",1.0,1.0,1.0,1.0,3.0,1
topic_148__dtifitafdtfv,"['Dimly lit or dark places can be both mysterious and alluring.', 'They can provide a sense of seclusion and privacy, but they can also be dangerous and frightening.', 'In literature, dark and dim places are often used to create a sense of suspense or horror.', 'For example, in Edgar Allan Poe\'s ""The Tell-Tale Heart,"" the narrator\'s description of the dark room in which he murders the old man is both chilling and evocative.', 'In real life, dark and dim places can also be dangerous.', 'They can be difficult to navigate, and they can provide cover for criminals.', 'Additionally, dark places can make people feel vulnerable and afraid.', 'For this reason, it is important to be aware of your surroundings and to take precautions when entering a dark or dimly lit area.', 'Despite the potential dangers, dark and dim places can also be beautiful and inspiring.', 'They can provide a sense of peace and tranquility, and they can be conducive to creativity and reflection.', 'For example, many artists and writers have found inspiration in the darkness.', 'Vincent van Gogh, for example, was known for painting in the dark, and his work often reflects the beauty and mystery of the night.']",1.0,-1.0,1.0,0.0,1.0,1
topic_17__abiwababtwabtta,"[""A: I'm so itchy! I think I have lice."", ""B: Oh no! That's terrible."", 'I know how to get rid of them, though.', 'We can use a traditional remedy.', 'A: What is it?', ""B: We'll need some olive oil, some lemon juice, and a few cloves of garlic."", 'A: Okay, I have all of that. What do we do with it?', ""B: First, we'll mix the olive oil, lemon juice, and garlic together."", ""Then, we'll apply it to your hair and scalp."", ""We'll let it sit for about an hour."", 'A: An hour? That sounds like a long time.', ""B: It is, but it's worth it."", 'The oil will help to suffocate the lice and the lemon juice will help to kill them.', 'The garlic will help to repel them.', ""A: Okay, I'll do it.""]",1.0,0.0,0.0,0.0,1.0,1
topic_17__ssttt,"[""Son, did you know that there's a new array of craters on the moon?"", 'Scientists say that they were formed by a series of impacts from asteroids and comets.', 'The largest crater is about 100 miles across and is named after the Greek god of war, Ares.', 'The craters are so bright that they can be seen from Earth with the naked eye.', 'They stand out against the dark surface of the moon like silver coins on a black velvet cloth.']",2.0,2.0,2.0,2.0,6.0,1
topic_180__tibttitti,"['The baobab tree is a symbol of strength, resilience, and longevity.', 'It is found in Africa, Madagascar, and Australia, and can live for up to 2,000 years.', 'Baobab trees are known for their massive trunks, which can store up to 100,000 gallons of water.', 'This makes them an important source of water for animals and humans during droughts.', 'The baobab tree is also a symbol of progress and options.', 'Its large, hollow trunks can be used for storage, shelter, and even as homes.', 'The leaves of the baobab tree can be eaten, and the bark can be used to make rope, cloth, and medicine.', 'The baobab tree is a reminder that even in the midst of adversity, there is always hope.', 'Its resilience and strength are a source of inspiration to us all.']",2.0,2.0,2.0,2.0,6.0,1
topic_201__rbttfririttt,"['Recycling is a vital process that helps to protect the environment and conserve natural resources.', 'By recycling, we can reduce the amount of waste that goes to landfills and incinerators, conserve energy, and save money.', 'The process of recycling begins with the collection of recyclable materials.', 'These materials are then sorted and processed into raw materials that can be used to create new products.', 'For example, plastic bottles can be recycled into new plastic bottles, aluminum cans can be recycled into new aluminum cans, and paper can be recycled into new paper products.', 'Recycling has many benefits.', 'It helps to reduce the amount of waste that goes to landfills and incinerators, which can help to protect the environment and conserve natural resources.', 'Recycling also conserves energy, as it takes less energy to produce products from recycled materials than it does from raw materials.', 'In addition, recycling can save money, as it can reduce the need to extract and process raw materials.', 'The launch of new recycling programs in most countries has ended the color-coded recycling system.', 'This is because the new programs are designed to accept all recyclable materials, regardless of their color.', 'The new programs are also more efficient, as they use automated sorting systems to process recyclable materials.']",1.0,0.0,1.0,1.0,2.0,1
topic_205__mithtmistitd,"['Mount Everest is the highest mountain in the world, standing at 8,848 meters above sea level.', 'It is located in the Mahalangur Himal sub-range of the Himalayas.', 'The mountain is a popular destination for mountaineers, and many people attempt to summit it each year.', 'However, the climb is dangerous, and many people have died trying to reach the top.', 'The first recorded attempt to summit Everest was made in 1921 by a British expedition led by George Mallory.', 'Mallory and his climbing partner Andrew Irvine disappeared during their attempt, and their bodies were not found until 1999.', 'In 1953, Edmund Hillary and Tenzing Norgay became the first people to successfully summit Everest.', 'Since then, thousands of people have followed in their footsteps.', 'The climb to the summit of Everest is a long and arduous journey.', 'It typically takes climbers about two months to complete the journey, and they must overcome a number of challenges along the way.', 'These challenges include altitude sickness, extreme weather conditions, and the risk of falling.', 'Despite the dangers, the climb to the summit of Everest is a rewarding experience.']",2.0,2.0,2.0,2.0,6.0,1
topic_22__fiwtiottiiftyo,"['Fishing is a great way to spend time outdoors and enjoy nature.', ""It's also a great way to learn about the different types of fish that live in your area."", ""When fishing, it's important to be responsible and follow all the local regulations."", ""This means making sure you have a valid fishing license, and that you're fishing in the right areas."", ""It also means releasing any fish that you catch that are too small or that you don't want to eat."", 'One of the best times to go fishing is in October.', 'The weather is usually still warm, but the water is starting to cool down.', 'This makes the fish more active and easier to catch.', 'In October, you can also find a variety of different fish species biting, including bass, trout, and catfish.', ""If you're new to fishing, there are a few things you can do to make sure you have a good experience."", 'First, make sure you have the right equipment.', 'This includes a fishing rod, reel, line, bait, and lures.', 'You can also find a variety of helpful fishing guides and books at your local library or bookstore.', ""Once you have the right equipment, it's time to find a place to fish.""]",1.0,1.0,0.0,1.0,2.0,1
topic_233__pttfthitpt,"['Poverty and hunger are major problems that affect millions of people around the world.', 'The World Bank estimates that 1.3 billion people live in absolute poverty, meaning they live on less than $1.90 per day.', 'This level of poverty is not only devastating for individuals, but it also has a larger impact on society as a whole.', 'For example, poverty is often associated with higher rates of crime, violence, and social unrest.', 'There are a number of factors that contribute to poverty and hunger, including war, natural disasters, and economic inequality.', 'However, one of the biggest contributing factors is simply a lack of opportunity.', 'In many developing countries, people lack access to education, healthcare, and other basic services.', 'This makes it difficult for them to find jobs and earn a living wage.', 'Poverty and hunger are not inevitable.', 'There are a number of things that can be done to address these problems, including providing education and job training, improving access to healthcare, and promoting economic growth.']",2.0,2.0,0.0,1.0,4.0,1
topic_251__imttsmtwsm,"[""I've always wondered what they're made of and how far away they are."", 'Mother: Well, the stars are actually huge balls of gas that are very far away from us.', ""The closest star to us is the Sun, and it's about 93 million miles away."", 'The other stars are much farther away, and some of them are so far away that it takes light years for their light to reach us.', ""Son: Wow, that's amazing! I can't even imagine how far away that is."", 'Mother: It is amazing. And the stars are so important to us.', 'They provide us with light and heat, and they help us to grow crops.', ""Without the stars, we wouldn't be able to live on Earth."", 'Son: So the stars are really important to us.', ""Mother: They are. And they're also beautiful.""]",1.0,1.0,1.0,1.0,3.0,1
topic_260__mtaftfttit,"['Movies have long been a powerful force in shaping our culture and our values.', 'They can influence our beliefs about everything from love and romance to war and violence.', 'And they have a particularly strong influence on our ideas about gender roles.', 'For decades, Hollywood has perpetuated the stereotype of the ideal wife as a beautiful, submissive, and domestic woman who puts her husband and children first.', 'This image is often reinforced by the way that female characters are portrayed in movies.', 'For example, a study by the Geena Davis Institute found that in the top 100 films of 2017, only 30% of female characters had speaking roles, and only 12% of those characters were working outside the home.', 'The majority of female characters were portrayed as either romantic interests or mothers.', 'This narrow representation of women in film sends a powerful message to viewers about what it means to be a woman.', ""It suggests that women's primary role is to be attractive and nurturing, and that their success is measured by their relationships with men and children."", 'This idealized image of the wife can be harmful to women in several ways.']",1.0,1.0,0.0,1.0,2.0,1
topic_265__bhibtbs,"['Bodybuilding is a sport that is often seen as a way to achieve physical perfection.', 'However, it is important to remember that bodybuilding is more than just about aesthetics.', 'It is also a way to challenge oneself and to push the limits of what is possible.', 'Bodybuilders train their bodies to the extreme, often lifting weights that are far beyond what most people would consider safe.', 'They do this in order to achieve a certain look, which is often defined by certain parameters, such as muscle mass, symmetry, and definition.', 'Bodybuilding is a culture that is both admired and criticized.', 'Some people see it as a symbol of strength and dedication, while others see it as a dangerous and unhealthy pursuit.']",1.0,1.0,-1.0,0.0,1.0,1
topic_290__mstottdh,"['Many famous dictators have ruled over states throughout history.', 'Some of the most notable include Adolf Hitler, who ruled over Nazi Germany from 1933 to 1945; Joseph Stalin, who ruled over the Soviet Union from 1922 to 1953; and Mao Zedong, who ruled over China from 1949 to 1976.', 'These dictators were all responsible for the deaths of millions of people, and their regimes were characterized by violence, oppression, and totalitarianism.', 'One of the most surprising things about these dictators is that they were able to maintain power for so long.', 'They were able to do this by using a combination of propaganda, intimidation, and violence.', 'They also had the support of powerful militaries and secret police forces.', 'Despite their power, these dictators were eventually overthrown.', 'Hitler committed suicide in 1945, Stalin died of a stroke in 1953, and Mao died of natural causes in 1976.']",1.0,1.0,1.0,1.0,3.0,1
topic_29__ttsitioihits,"['The debate about whether animals are happier in the wild or in zoos is a complex one with no easy answers.', ""There are many factors to consider, including the individual animal's needs, the type of zoo, and the quality of care provided."", 'Some animals, such as elephants, are highly social and need to interact with other elephants in order to thrive.', 'In the wild, elephants live in herds of up to 100 individuals.', 'They spend their days foraging for food, playing, and socializing.', 'In a zoo, elephants may not have the same opportunities to interact with other elephants, which can lead to boredom and frustration.', 'Other animals, such as lions, are solitary hunters.', 'In the wild, lions live in prides of up to 15 individuals.', 'However, each lion within the pride has its own territory and does not interact with other lions very often.', 'In a zoo, lions may be able to live in larger enclosures with more space to roam, which can provide them with more opportunities to exercise and explore.', 'The type of zoo also plays a role in the welfare of its animals.', 'Some zoos are very large and provide their animals with spacious enclosures, while others are smaller and may not have as much space.']",1.0,1.0,1.0,1.0,3.0,1
topic_309__totsrhattswih,"['There are many different ways to do laundry, from using a traditional washing machine and dryer to more eco-friendly methods like hand washing and line drying.', 'One way to do laundry without using a machine is to hand wash your clothes in a basin or sink.', 'To do this, fill the basin with warm water and add a small amount of laundry detergent.', 'Soak your clothes for a few minutes, then scrub them with a washcloth or brush.', 'Rinse your clothes thoroughly in clean water, then wring them out.', 'Hang your clothes to dry on a clothesline or drying rack.', 'Another option is to use a washing machine without a dryer.', 'This can save energy and money, but it does require more time and effort.', 'To wash clothes in a machine without a dryer, fill the machine with water and add laundry detergent.', 'Set the machine to the appropriate cycle, then start it.', 'When the cycle is complete, remove your clothes from the machine and hang them to dry.', 'If you live in an area with a lot of rain, you may be able to use the rain to help you dry your clothes.', 'Hang your clothes on a clothesline outside in the rain.']",1.0,1.0,1.0,1.0,3.0,1
topic_320__itwitato,"[""In a traditional household, the eldest child is often expected to take on a leadership role, while the younger children are expected to follow their older siblings' lead."", 'This can lead to a dynamic where the eldest child feels a sense of responsibility for their younger siblings, while the younger children look up to their older siblings and defer to their judgement.', 'While this dynamic can be beneficial in some ways, it can also lead to conflict and resentment if the eldest child feels overwhelmed by their responsibilities or if the younger children feel like they are being treated like second-class citizens.', 'In recent years, there has been a trend towards reducing the size of families.', 'This is due to a number of factors, including the rising cost of living, the increasing desire for couples to have fewer children, and the increasing availability of birth control.', 'As a result, the majority of families today have only one or two children, which means that there is less of a divide between the eldest and youngest children.', 'This can lead to a more egalitarian relationship between siblings, where each child feels like they are an equal member of the family.', 'Of course, every family is different, and there is no one-size-fits-all approach to sibling relationships.']",1.0,1.0,0.0,1.0,2.0,1
topic_323__rirtrttrihsd,"['Rationalist thought is the belief that the only way to acquire knowledge is through reason and logic.', 'It is based on the idea that the world is governed by natural laws that can be understood through observation and experimentation.', 'Rationalists believe that the only way to truly understand the world is to strip away all of our preconceived notions and biases and look at things objectively.', 'This can be a difficult task, but it is one that is essential for making progress in science and philosophy.', 'Rationalists believe that the only way to make good decisions is to base them on facts and evidence.', 'They reject the idea that intuition or emotion can ever be a reliable guide to truth.', 'This does not mean that rationalists are cold and unfeeling; they simply believe that it is important to separate our feelings from our thoughts when making decisions.', 'Rationalism has been a major force in the development of Western thought.', 'It has led to many important advances in science, philosophy, and technology.', 'However, it has also been criticized for being too narrow and rigid.', 'Some people argue that it ignores the importance of emotion and intuition, and that it can lead to a dehumanizing view of the world.', 'Despite these criticisms, rationalism remains a powerful force in Western thought.']",1.0,1.0,1.0,1.0,3.0,1
topic_32__sstftssotat,"['Speaker 1: ""What are the languages spoken in the DRC?""', 'Speaker 2: ""There are over 200 languages spoken in the DRC, with the most common being French, Lingala, and Swahili.', 'These languages are spoken on different sides of the country, which can sometimes be a problem for communication.', 'For example, if a person from Kinshasa wants to talk to a person from Lubumbashi, they may have to use a translator.', 'This can be a challenge, especially if the two people don\'t speak the same language.""', 'Speaker 1: ""That sounds like a difficult situation. Is there anything being done to address this problem?""', 'Speaker 2: ""Yes, there are a few things being done to address this problem.', 'One is the development of a national language policy.', 'This policy would set out guidelines for the use of languages in the DRC, and would help to promote communication between people from different parts of the country.', 'Another thing that could be done is to increase the number of people who speak multiple languages.', 'This could be done by providing more language education opportunities, or by encouraging people to learn new languages.']",1.0,1.0,1.0,1.0,3.0,1
topic_339__titmtdtptoa,"['The AIDS crisis has had a devastating impact on communities around the world.', 'In the United States, it is estimated that more than 650,000 people have died from AIDS since the epidemic began in the 1980s.', 'The disease has also had a significant impact on the social and economic fabric of communities.', 'Many people living with HIV/AIDS have lost their jobs, their homes, and their loved ones.', 'The epidemic has also led to increased stigma and discrimination against people living with HIV/AIDS.', 'Despite the challenges, there is a growing sense of community among people living with HIV/AIDS.', 'This community is based on a shared experience of living with the disease, as well as a shared commitment to fighting for a cure.', 'People living with HIV/AIDS have come together to support each other, to advocate for their rights, and to raise awareness about the disease.', 'This community has been instrumental in making progress in the fight against AIDS.', 'One example of this community is the AIDS Coalition to Unleash Power (ACT UP).', 'ACT UP is a grassroots organization of people living with HIV/AIDS and their allies.']",1.0,0.0,1.0,1.0,2.0,1
topic_361__cicstchtitot,"['Capital punishment, also known as the death penalty, is the legally sanctioned killing of a person as punishment for a crime.', 'It is the most severe form of punishment that can be imposed in the criminal justice system.', 'Capital punishment is a controversial issue, with strong arguments on both sides.', 'Some people believe that it is a just punishment for certain crimes, while others believe that it is cruel and unusual punishment.', 'There is also debate about whether capital punishment is an effective deterrent to crime.', 'Capital punishment is legal in 27 states in the United States.', 'However, there is a growing movement to abolish the death penalty, and the number of executions has declined in recent years.', 'The death penalty is also legal in a number of other countries around the world, but its use is declining.', 'In 2016, there were 998 executions worldwide, down from 1,591 in 2015.', 'The most common method of execution in the United States is lethal injection.', 'Other methods of execution include the electric chair, the gas chamber, and the firing squad.', 'The death penalty is a complex issue with a long and controversial history.']",1.0,1.0,1.0,1.0,3.0,1
topic_366__ctotttift,"['Charity begins at home is a proverb that means that people should take care of their own family and community before helping others.', 'The phrase is often used to encourage people to be more charitable to those in need, but it can also be used to justify selfishness or inaction.', 'One example of how the phrase might be used is if someone is asked to donate to a charity that helps people in a foreign country.', 'The person might say that they would rather donate to a local charity that helps people in their own community.', 'This is because they believe that it is more important to help those who are close to them than those who are far away.', 'The phrase ""charity begins at home"" can be traced back to the Bible.', 'In the book of Matthew, Jesus says, ""If you give to the poor, your gift will be given back to you full measure, pressed down, shaken together, and running over.', 'For by your standard of measure it will be measured to you in return."" (Matthew 6:20).', 'This verse suggests that people should be generous to others, but it also implies that they should start by being generous to those who are close to them.']",2.0,2.0,2.0,2.0,6.0,1
topic_376__cisttowtasooba,"['Co-education is the practice of educating boys and girls together in the same school.', 'It is a practice that has been around for centuries, but it is still being debated today.', 'Some people believe that co-education is the best way to educate children, while others believe that it is better to separate boys and girls.', 'There is no right or wrong answer, and the best decision for a particular child may depend on their individual needs.', 'There are many benefits to co-education.', 'One benefit is that it can help to break down gender stereotypes.', 'When boys and girls are educated together, they learn to interact with each other in a more positive way.', ""They also learn to respect each other's differences."", 'Another benefit of co-education is that it can help to improve academic achievement.', 'Studies have shown that students who attend co-educational schools tend to do better academically than students who attend single-sex schools.', 'Of course, there are also some challenges to co-education.', 'One challenge is that it can be more difficult to manage a co-educational classroom.', 'Boys and girls can have different learning styles, and it can be difficult to cater to the needs of both groups.', 'Another challenge is that co-education can sometimes lead to bullying and harassment.']",-1.0,1.0,1.0,0.0,1.0,1
topic_386__cttcii,"['Cricket is a game played with a bat and ball between two teams of eleven players on a field at the centre of which is a 22-yard pitch with a wicket at each end, each comprising two bails balanced on three stumps.', 'The game proceeds when a player on the fielding team, called the bowler, bowls the ball from one end of the pitch towards the wicket at the other end, with an opposing player called the batsman attempting to strike the ball with his bat so that it travels far enough to allow him to run between the wickets, scoring runs.', 'The fielding side tries to prevent this by stopping the ball with their own bats, with their hands or with the wicket itself and then throwing the ball back to the bowler.', 'Cricket is a game that requires a lot of skill and practice.', 'It can be a very rewarding game, but it also takes a lot of hard work.', 'If you want to be a good cricketer, you need to be honest with yourself about your abilities and be willing to put in the time and effort to train.']",1.0,1.0,1.0,1.0,3.0,1
topic_41__iotot,"['In the moments after a great battle, when the smoke has cleared and the dead have been counted, there are often moments of great beauty to be found in the natural world.', 'One such moment occurred in the aftermath of the Battle of the Somme, when a group of British soldiers came across a field of poppies that had been untouched by the fighting.', 'The soldiers were moved by the beauty of the flowers, and they took time to stop and appreciate them.', 'One of the soldiers, a young man named William, wrote a poem about the experience, which he called ""In Flanders Fields"" The poem became one of the most famous poems of the war, and it helped to raise awareness of the need to protect the environment.', 'Today, the poppy is a symbol of remembrance for all those who have died in war.']",1.0,1.0,1.0,1.0,3.0,1
topic_424__fftsooatcfo,"['Facebook Users Drunkenly Post About Their Lives', ""Facebook users are getting drunk and posting about their lives, and it's causing a stir."", ""The social media platform has been flooded with photos and videos of people who are clearly intoxicated, and many of them are sharing personal details about themselves that they wouldn't normally share."", 'Some users are concerned that the trend is dangerous, as it could lead to people making poor decisions or doing things they regret.', 'Others are simply amused by the antics of their fellow drunk Facebook users.', 'One user posted a photo of herself passed out on the floor with the caption, ""I\'m so drunk I can\'t even stand up.""', 'Another user shared a video of herself dancing on a table while shouting, ""I\'m the life of the party!""', 'The trend has even caught the attention of celebrities.', 'Comedian Amy Schumer posted a photo of herself on Twitter with the caption, ""I\'m so drunk I can\'t even spell my own name.""', ""Facebook has not commented on the trend, but it's clear that it's causing a stir."", 'Only time will tell whether the trend will continue or fade away.']",1.0,1.0,1.0,1.0,3.0,1
topic_425__fitiitomtaitd,"['Family planning in India has been a topic of debate for many years.', 'In 1976, the Indian government passed the controversial National Emergency Act, which imposed a forced sterilization program on men and women.', 'This program was met with widespread resistance and eventually overturned by the Indian Supreme Court.', 'In recent years, the Indian government has taken a more progressive approach to family planning.', 'In 2010, the government launched the National Family Planning Program, which provides free contraception and sterilization services to all Indian citizens.', 'The program has been successful in reducing the fertility rate in India, but it still faces challenges, such as a lack of awareness and access to services.', 'One of the most important challenges to family planning in India is the lack of awareness about the benefits of family planning.', 'Many Indian couples believe that it is their duty to have as many children as possible.', 'This belief is often reinforced by cultural and religious norms.', 'Another challenge to family planning is the lack of access to services.', 'In rural areas, there are often few or no family planning clinics.', 'This makes it difficult for couples to access the services they need.', 'Despite these challenges, the Indian government is committed to providing family planning services to all its citizens.']",1.0,1.0,0.0,1.0,2.0,1
topic_425__ittomaitthtoaa,"['India has a population of over 1.3 billion people, and it is the second most populous country in the world.', 'The government has been working to promote family planning for many years, but the issue is still a major challenge.', 'There are a number of factors that contribute to the high birth rate in India.', 'One factor is the lack of access to education and information about family planning.', 'Many people in India do not know about the different methods of contraception, or they may be afraid to use them.', 'Another factor is the cultural preference for large families.', 'In some parts of India, it is seen as a status symbol to have many children.', 'The government has implemented a number of programs to promote family planning.', 'These programs include providing free or subsidized contraception, offering education and counseling about family planning, and making it easier for people to get sterilized.', 'However, these programs have had limited success.', 'There are a number of challenges to promoting family planning in India.', 'One challenge is the high cost of the programs.', 'Another challenge is the resistance to family planning from some religious groups.', 'Additionally, there is a lack of political will to address the issue.']",1.0,-1.0,1.0,0.0,1.0,1
topic_43__noeaftwofidat,"['Nigeria is home to a rich and diverse culture, with many different traditional customs and practices.', 'One of the most important customs is the respect for elders.', 'Elders are considered to be wise and knowledgeable, and their advice is often sought out by younger people.', 'Another important custom is the importance of family.', 'Family ties are very strong in Nigeria, and extended families often live together in the same compound.', 'Traditional customs also play an important role in Nigerian weddings and funerals.', 'Weddings are often large and elaborate affairs, and funerals are seen as a time to celebrate the life of the deceased.', ""One of the most well-known traditional customs in Nigeria is the Igbo people's practice of female genital mutilation (FGM)."", 'FGM is the ritual cutting or removal of some or all of the external female genitalia.', 'It is a harmful practice that has no medical benefits and can lead to a number of health problems, including pain, infection, infertility, and even death.', 'Despite the fact that FGM is illegal in Nigeria, it is still practiced in some parts of the country.', 'Another traditional custom that is common in Nigeria is the use of traditional medicine.', 'Traditional medicine is based on the use of plants, herbs, and other natural substances to treat illnesses.']",1.0,-1.0,1.0,0.0,1.0,1
topic_449__tithtohhhai,"['The Golden Temple, a shimmering monument to human vanity and folly, stands as a testament to the destructive power of desire.', 'It is a place where dreams are made and broken, where hopes are raised and dashed, and where love and hate, life and death, are all inextricably intertwined.', 'The temple was built by a wealthy maharaja who wanted to create a place where he could worship his god in peace.', 'However, the temple quickly became a magnet for pilgrims from all over the world, and it soon became a place of commerce and trade.', ""The maharaja's dream of a peaceful place of worship was quickly shattered, and the temple became a place of greed, corruption, and violence."", 'One day, a young man named Amritsar arrived at the temple.', 'He was a simple man with a simple dream: to find peace and happiness.', 'However, Amritsar soon found that the temple was no place for peace.', 'He was drawn into the vortex of greed and corruption, and he eventually lost everything he had.', ""Amritsar's story is a cautionary tale about the dangers of desire."", 'It is a reminder that the things we crave most may not be what is best for us.']",2.0,2.0,2.0,2.0,6.0,1
topic_488__tiiithiontbtantbtf,"['The newspaper is a vital part of any community.', 'It provides information on local events, news, and weather.', 'It is also a source of entertainment, with crossword puzzles, comics, and advice columns.', 'In the past, newspapers were the only way to get this information.', 'Today, we have many other sources of information, such as blogs and websites.', 'However, the newspaper still has an important role to play.', 'It is a trusted source of information, and it is often the first place people go to learn about what is happening in their community.', 'One of the most important things about the newspaper is its availability.', 'Newspapers are available in stores, libraries, and online.', 'This makes them easy to access for people of all ages and income levels.', 'Blogs and websites, on the other hand, are not always as accessible.', 'They may be difficult to find, and they may not be available to everyone.', 'Another important thing about the newspaper is its longevity.', 'Newspapers can be saved and read for years to come.', 'This makes them a valuable resource for historians and researchers.', 'Blogs and websites, on the other hand, are often deleted or archived after a few years.', 'This makes them less valuable for historical research.', 'Finally, the newspaper is a physical object.']",1.0,-1.0,1.0,0.0,1.0,1
topic_493__isitgsgshgsg,"['Indira Gandhi was the first and only woman to serve as Prime Minister of India.', 'She was born in 1917 into a prominent political family, and her father, Jawaharlal Nehru, was the first Prime Minister of India.', 'Indira Gandhi was educated in India and England, and she married Feroze Gandhi in 1942.', 'They had two sons, Rajiv and Sanjay.', 'Gandhi began her political career in 1955, when she was elected to the Indian Parliament.', 'She served in various ministerial positions in the government of her father, and in 1966 she became Prime Minister after his death.', 'Gandhi was a controversial figure, and her policies were often criticized.', 'She was accused of being authoritarian and of suppressing dissent.', 'However, she was also a popular leader, and she is credited with modernizing India and improving the lives of its people.', 'Gandhi was assassinated by her Sikh bodyguards in 1984.', 'She was succeeded by her son, Rajiv Gandhi.', ""Gandhi's life and career were marked by many challenges, but she never gave up on her dream of a better India.""]",1.0,1.0,1.0,1.0,3.0,1
topic_496__iwoitowtw,"['In 2015, I visited Liberia with a group of students from New York University.', 'We were there to learn about the challenges facing women in the country, and to work with local organizations to help address them.', 'One of the most pressing issues we learned about was the high rate of sexual violence against women.', 'In fact, a 2013 study found that 65% of women in Liberia had experienced sexual violence at some point in their lives.', ""This violence has a devastating impact on women's physical and mental health, and it can also lead to poverty and social isolation."", 'One of the organizations we worked with was Women United Liberia, which provides support and services to survivors of sexual violence.', 'We helped the organization to conduct a survey of survivors, and we also worked with them to develop a new method for providing counseling to survivors.', 'The method we developed was based on the principles of trauma-informed care, which is a type of therapy that has been shown to be effective in helping survivors of trauma to heal.', 'We were proud to be able to work with Women United Liberia, and we believe that the method we developed will make a real difference in the lives of survivors of sexual violence in Liberia.']",1.0,0.0,1.0,1.0,2.0,1
topic_501__liofhtfhhfh,"['Labour Day is a day to honour the contributions and achievements of workers.', 'It is a time to reflect on the importance of hard work and dedication, and to appreciate the intelligence and skill of those who have made our country great.', 'One such example is the story of Henry Ford.', 'Ford was a brilliant engineer and businessman who revolutionized the automobile industry.', 'He is credited with inventing the assembly line, which made it possible to produce cars more efficiently and cheaply.', 'This led to a boom in the auto industry and helped to create millions of jobs.', ""Ford was also a strong advocate for workers' rights."", 'He believed that all workers should be paid a fair wage and have safe working conditions.', 'He also established a profit-sharing plan for his employees, which made them shareholders in the company.', ""Ford's intelligence and dedication helped to create a better world for workers."", 'He is an inspiration to us all, and his legacy continues to inspire workers today.']",1.0,1.0,1.0,1.0,3.0,1
topic_541__nhmhaimhiahm,"['Nelson Mandela is a South African anti-apartheid revolutionary, political leader, and philanthropist who served as the first black president of South Africa from 1994 to 1999.', 'He is widely regarded as one of the most significant figures in world history.', 'Mandela was born in 1918 in Mvezo, South Africa.', 'He grew up in a rural village and was educated at a Methodist mission school.', 'After high school, he studied law at the University of Fort Hare.', 'In 1944, he joined the African National Congress (ANC), a political organization that was fighting against apartheid.', 'Mandela was arrested for his political activities in 1962 and sentenced to life in prison.', 'He spent 27 years in prison, during which time he became a symbol of the anti-apartheid movement.', 'In 1990, Mandela was released from prison and elected president of South Africa in 1994.', 'As president, Mandela worked to unite South Africa and promote reconciliation between blacks and whites.', 'He also oversaw the end of apartheid and the transition to a democratic government.', 'Mandela is a Nobel Peace Prize laureate and has been awarded numerous other honors.']",2.0,1.0,2.0,2.0,5.0,1
topic_558__tipdtptit,"['The peacock is a large and colorful bird that is native to Asia.', 'It is known for its beautiful plumage, which is made up of iridescent blue, green, and purple feathers.', 'Peacocks are also known for their elaborate courtship displays, which they perform to attract mates.', 'During these displays, the male peacock will spread his tail feathers and fan them out to create a large, colorful fan.', 'The female peacock will then choose a mate based on the size and beauty of his tail feathers.', 'Peacocks are also known for their intelligence and ability to learn.', 'They can be trained to perform tricks and can even be taught to talk.', 'In addition to their beauty and intelligence, peacocks are also important members of the ecosystem.', 'They help to control the population of insects and other pests, and their droppings can help to fertilize the soil.']",1.0,1.0,1.0,1.0,3.0,1
topic_57__oshttasthsts,"['One day, a young girl named Mary was combing her hair when she saw a louse.', 'She was horrified, and she ran to her mother for help.', 'Her mother told her that there were many traditional remedies for lice, and that she would try the one that required the least amount of action.', 'The first thing her mother did was to boil a pot of water.', 'Then, she added a handful of dried rosemary leaves and let them steep for a few minutes.', 'After the water had cooled, her mother poured it into a bowl and told Mary to sit down.', ""She then used a comb to wet Mary's hair with the rosemary water."", 'The lice started to die, and Mary was able to pick them out of her hair with ease.', 'Her mother was so happy that she had been able to help Mary without having to take any drastic measures.', 'She knew that Mary would be able to sleep soundly that night, knowing that she was free of lice.', ""The next day, Mary's mother went to the store and bought a bottle of lice shampoo."", 'She told Mary that it was important to use the shampoo to kill any remaining lice, and that she should follow the directions on the bottle carefully.']",2.0,2.0,2.0,2.0,6.0,1
topic_588__rrittoaiaiib,"['## Road Safety: A True Door to a Safer Future', 'Road safety is a major public health issue.', 'In 2020, an estimated 38,000 people were killed in motor vehicle crashes in the United States.', ""That's an average of one person every 135 minutes."", 'There are many things that can be done to improve road safety, including enforcing traffic laws, educating drivers and pedestrians, and making roads safer.', 'One important step is to make sure that all vehicles have properly functioning doors.', ""A door that doesn't open or close properly can be a major safety hazard."", 'If a door is stuck, it can prevent a person from escaping from a vehicle in the event of a crash.', 'A door that opens too easily can also be dangerous, as it could allow a person to be ejected from the vehicle in a crash.', 'It is important to make sure that all doors on your vehicle are in good working order.', ""If you have a door that doesn't open or close properly, you should have it repaired or replaced as soon as possible."", 'By making sure that all vehicles have properly functioning doors, we can help to reduce the number of traffic-related deaths and injuries.']",2.0,2.0,2.0,2.0,6.0,1
topic_60__tttdttifi,"['The hajj is a once-in-a-lifetime pilgrimage to Mecca, Saudi Arabia, that is required of all Muslims who are physically and financially able to make the journey.', 'The pilgrimage is one of the five pillars of Islam, and it is considered to be the most important spiritual journey a Muslim can make.', 'The hajj takes place over five days in the Islamic month of Dhu al-Hijjah.', 'During the hajj, pilgrims perform a series of rituals that commemorate the life of Prophet Muhammad and the prophets who came before him.', 'These rituals include walking around the Kaaba, the sacred black stone that is the center of the Great Mosque in Mecca; drinking from the Zamzam Well, which is believed to have healing powers; and standing on Mount Arafat, where Prophet Muhammad gave his final sermon.', 'The hajj is a physically and emotionally demanding journey, but it is also a time for Muslims to come together in worship and to reflect on their lives.', 'It is a chance to renew their faith and to reaffirm their commitment to Islam.', 'For many Muslims, the hajj is a life-changing experience.', 'It is a time to leave behind the stresses of everyday life and to focus on their spiritual journey.']",1.0,1.0,-1.0,0.0,1.0,1
topic_99__gwtfiiwyi,"['Gift-giving is an important part of Chinese culture, and there are many different rules and customs to follow.', ""Whenever you are invited to a Chinese person's home, it is customary to bring a gift."", 'The type of gift you bring will depend on the occasion and the relationship you have with the host.', 'For example, if you are attending a birthday party, you might bring a gift of flowers or fruit.', ""If you are visiting a friend's home, you might bring a small gift, such as a bottle of wine or a box of chocolates."", 'It is important to wrap the gift nicely and to present it with both hands.', 'When you receive a gift, it is customary to open it immediately and to express your appreciation.', ""You should also reciprocate by giving a gift of equal value whenever you are invited to someone's home."", 'If you are unsure of what to give, you can always ask a friend or family member for advice.']",1.0,-1.0,1.0,0.0,1.0,1
burkina_faso__tshsicidtb,"[""The history of Burkina Faso is long and complex, but one of the most important events in the country's history was the 1983 coup d'état that brought Thomas Sankara to power."", 'Sankara was a young military officer who was deeply committed to social justice and economic development.', ""He quickly implemented a series of radical reforms, including nationalizing banks and industry, redistributing land, and promoting women's rights."", ""Sankara's policies were popular with many Burkinabés, but they also alienated powerful interests, both within the country and abroad."", ""In 1987, Sankara was assassinated in a coup d'état led by Blaise Compaoré."", ""Compaoré ruled Burkina Faso for 27 years, during which time he reversed many of Sankara's reforms and established a repressive authoritarian regime."", 'In 2014, Compaoré was overthrown in a popular uprising, and Burkina Faso is currently in a fragile state of transition.', 'Despite the challenges it faces, Burkina Faso has a long history of resilience and progress.', 'The country has a rich culture and a strong sense of national identity.', 'Burkinabés are a proud people who are determined to build a better future for themselves and their children.']",-1.0,-1.0,-1.0,-1.0,-3.0,0
cameroon_historical__ttitdtiic,"['The history of Cameroon is long and complex, dating back to the earliest human settlements in the region.', 'The area was first settled by Bantu peoples around 3000 BCE, and it was later conquered by the Kanem-Bornu Empire in the 11th century.', 'In the 15th century, the Portuguese arrived in Cameroon and established trade relations with the local people.', 'The region was later colonized by Germany in the 1880s, and it became a German colony known as Kamerun.', 'During World War I, Cameroon was occupied by British and French forces, and it was divided between the two countries after the war.', 'The British-controlled region became known as Southern Cameroons, while the French-controlled region became known as French Cameroon.', 'In 1960, Southern Cameroons became independent from Britain, and it merged with French Cameroon to form the Federal Republic of Cameroon.', 'In 1972, the federal system was abolished and Cameroon became a unitary state.', 'Cameroon has experienced a number of political and economic challenges in recent years.']",-1.0,-1.0,-1.0,-1.0,-3.0,0
chad_historical__totiahi,"['The history of Chad is long and complex, with many different groups of people settling in the region over time.', ""One of the most important events in Chad's history was the arrival of the Arabs in the 18th century."", 'The Arabs brought with them their own culture and religion, Islam, which had a profound impact on Chadian society.', 'In the 19th century, Chad was ruled by the French, who made it a colony of French Equatorial Africa.', 'After World War II, Chad became an autonomous territory within the French Union, and in 1960, it gained its independence.', ""However, Chad's independence was not easy, and the country has been plagued by civil war and political instability ever since."", 'In 2011, a peace agreement was signed between the government and the rebel groups, and Chad is currently working to rebuild its country.']",-1.0,-1.0,-1.0,-1.0,-3.0,0
custom_2__piidpdpdpdpdpdgipdiy,"[""Patient: Doctor, I've been having this terrible stomach pain for the past few days."", ""It's so bad that I can't eat or sleep."", ""It's a sharp, stabbing pain that comes and goes."", 'Doctor: Can you tell me more about the pain? Where is it located?', ""Patient: It's mostly in my lower abdomen, right around my belly button, but it sometimes radiates to my back."", 'Doctor: Does anything make the pain worse?', 'Patient: Eating seems to make it worse, especially fatty or greasy foods.', 'Doctor: And does anything make it better.?', 'Patient: Lying down seems to help a little.', 'Doctor: Does the pain come and go, or is it constant?', ""Patient: It's constant. It's just a dull ache, but it's really uncomfortable."", 'Doctor: Have you had any other symptoms? Nausea, vomiting, diarrhea?', 'Patient: No, just the pain.', ""Doctor: I see. Well, it sounds like you're having a case of gastritis."", 'Gastritis is inflammation of the stomach lining.', 'It can be caused by a number of things, including eating spicy or fatty foods, drinking alcohol, or taking certain medications.', 'Patient: Is it serious?', ""Doctor: It can be, but in most cases it's not."", ""I'm going to prescribe you some medication to help relieve the pain and inflammation."", 'You should also avoid eating spicy or fatty foods, and drink plenty of fluids.']",-1.0,-1.0,-1.0,-1.0,-3.0,0
custom_3__pdpdpdp,"[""Patient: Doctor, I've been having this terrible pain in my head for the past few days. It's a sharp, stabbing pain that starts in the back of my head and radiates to my temples. It's worse when I move my head or bend over."", 'Doctor: Have you had any other symptoms?', ""Patient: Yes, I've been feeling nauseous and dizzy. I've also been having trouble sleeping."", ""Doctor: It sounds like you might have a migraine. Migraines are a type of headache that can cause severe pain, nausea, and dizziness. They're often triggered by certain things, such as stress, bright lights, or loud noises."", 'Patient: Is there anything I can do to relieve the pain?', 'Doctor: There are a few things you can try. First, you can take an over-the-counter pain reliever, such as ibuprofen or acetaminophen. You can also try applying a cold compress to your head or taking a warm bath. If the pain is severe, you may need to see a doctor for prescription medication.', ""Patient: Okay, I'll try those things. Thank you for your help.""]",-1.0,-1.0,-1.0,-1.0,-3.0,0
egypt_challenges__eatathtatpt,"['Egypt faces a number of challenges, including:', ""* A rapidly growing population. Egypt's population is expected to grow from 100 million today to 140 million by 2050."", ""This will put a strain on the country's resources, including its food supply, water supply, and infrastructure."", '* A widening gap between the rich and the poor. Egypt has a high Gini coefficient, which measures inequality.', 'This means that the wealth is concentrated in the hands of a few, while the majority of the population lives in poverty.', ""* High unemployment. Egypt's unemployment rate is around 12%."", 'This is especially high among young people.', ""* A lack of economic opportunity. Egypt's economy is heavily reliant on tourism and agriculture."", 'These sectors are vulnerable to external shocks, such as the global financial crisis and the Arab Spring.', '* Political instability. Egypt has experienced a number of political upheavals in recent years, including the overthrow of Hosni Mubarak in 2011 and the subsequent military coup in 2013.', 'This instability has made it difficult for the government to implement reforms and improve the economy.']",-1.0,-1.0,-1.0,-1.0,-3.0,0
egypt_entities__cioalat,"['Cairo, the capital of Egypt, is the largest city in the Middle East and the third largest city in Africa.', ""It is home to some of the world's most famous landmarks, including the Pyramids of Giza, the Sphinx, and the Egyptian Museum."", 'Other important places in Egypt include Alexandria, Luxor, Aswan, and the Sinai Peninsula.', ""Alexandria is Egypt's second largest city and was once the capital of the Ptolemaic Kingdom."", 'Luxor is home to the Valley of the Kings, where many of the pharaohs of ancient Egypt were buried.', 'Aswan is located on the Nile River and is known for its beautiful scenery and its many ancient temples.', 'The Sinai Peninsula is located in the eastern part of Egypt and is home to the famous Mount Sinai, where Moses is said to have received the Ten Commandments.']",-1.0,-1.0,-1.0,-1.0,-3.0,0
ethiopia_typical__amatieitetie,"['A typical day for a person in Ethiopia might begin with a sunrise prayer.', 'Many Ethiopians are devout Christians, and they begin their day with a prayer to God.', 'After prayer, they might have a simple breakfast of bread and coffee.', 'Then, they would go about their daily tasks, which might include working in the fields, tending to livestock, or running a small business.', 'In the evening, they would often gather with family and friends for a meal and conversation.', 'Ethiopia is a country with a rich history and culture.', 'It is home to many different ethnic groups, each with their own unique traditions and customs.', 'The country is also home to a number of important religious sites, including the Church of Our Lady of Zion in Aksum and the Monastery of St. George in Lalibela.', 'Ethiopia is a beautiful country with a lot to offer visitors.', 'The country has a diverse landscape, with mountains, deserts, and forests.', 'It is also home to a number of wildlife, including lions, elephants, and giraffes.', 'Ethiopia is a great place to visit for anyone who is interested in learning more about African culture and history.']",-1.0,-1.0,-1.0,-1.0,-3.0,0
gambia_typical__mffpotmtacmoitid,"[""Many people wake up before sunrise to start their day's work."", 'Farmers may rise before dawn to milk their cows or tend to their crops.', 'Fishermen may go out to sea before the sun comes up.', 'People who work in the city may also wake up early to catch the bus or train to work.', 'Once people are up, they typically eat a simple breakfast of porridge, bread, or tea.', 'Then they get ready for the day.', 'Many people in The Gambia wear traditional clothing, such as long dresses or skirts for women and long pants or shirts for men.', 'They may also wear a headscarf or cap.', 'After breakfast, people go about their daily activities.', 'Children go to school, while adults go to work.', 'Many people in The Gambia work in agriculture, fishing, or tourism.', 'Others work in government, business, or education.', 'In the afternoon, people may take a break from work to relax or socialize.', 'They may go for a walk, visit friends and family, or play games.', 'In the evening, people often eat dinner with their families.', 'Dinner is typically a simple meal of rice, vegetables, and meat or fish.']",-1.0,-1.0,-1.0,-1.0,-3.0,0
ghana_historical__tikhgigtiggi,"['The Gold Coast was a British colony from 1821 to 1957.', 'In 1957, it became the first sub-Saharan African country to gain independence from a European colonial power.', ""Kwame Nkrumah, Ghana's first president, was a leading figure in the Pan-African movement."", 'He promoted African unity and helped to establish the Organization of African Unity (OAU) in 1963.', ""Ghana's independence was a major turning point in African history."", 'It inspired other African countries to fight for their own independence, and it helped to establish Ghana as a leader in the African continent.', 'Ghana has also played a significant role in international affairs, serving as a member of the United Nations Security Council and the Non-Aligned Movement.', 'Today, Ghana is a vibrant democracy with a growing economy.', 'It is a popular tourist destination, and it is home to many important historical and cultural sites.', 'Ghana is also a major producer of cocoa, and it is a major exporter of gold.', ""Ghana's history is a complex and fascinating one."", 'It is a story of struggle, resistance, and triumph.']",-1.0,-1.0,-1.0,-1.0,-3.0,0
ivory_coast__iiitsaygs,"['Ivory Coast is a country in West Africa.', 'It is bordered by Liberia to the west, Guinea to the northwest, Mali to the northeast, Burkina Faso to the east, and Ghana to the southeast.', 'Ivory Coast has a population of over 25 million people.', 'The official language is French, but many people also speak local languages such as Dioula, Bambara, and Akan.', 'Some of the most important places in Ivory Coast include Abidjan, the capital city; Yamoussoukro, the former capital city; and Grand-Bassam, a UNESCO World Heritage Site.', 'Abidjan is the largest city in Ivory Coast and the economic capital of the country.', 'Yamoussoukro is the seat of government and is home to the Basilica of Our Lady of Peace, the largest church in the world.', 'Grand-Bassam is a popular tourist destination and is known for its beautiful beaches and colonial architecture.', 'Some of the most important historical figures in Ivory Coast include Félix Houphouët-Boigny, the first president of Ivory Coast; Alassane Ouattara, the current president of Ivory Coast; and Laurent Gbagbo, the former president of Ivory Coast.']",-1.0,-1.0,-1.0,-1.0,-3.0,0
kenya_challenges__kptitcvtct,"['Kenya faces a number of challenges, including:', '* Poverty: Kenya is one of the poorest countries in the world, with a per capita GDP of just over $1,000.', 'This poverty is due to a number of factors, including a lack of economic development, high population growth, and inequality.', '* Inequality: Kenya is also a very unequal country, with a small elite controlling the majority of the wealth.', 'This inequality has been exacerbated by the recent economic crisis, which has disproportionately affected the poor.', ""* Corruption: Kenya is also plagued by corruption, which undermines the government's ability to provide basic services and improve the lives of its citizens."", '* Violence: Kenya has also experienced a number of episodes of violence, including the 2007-08 post-election violence.', 'This violence has been caused by a number of factors, including ethnic tensions, political grievances, and poverty.', '* Climate change: Kenya is also vulnerable to the effects of climate change, such as droughts, floods, and rising sea levels.', ""These effects are already having a negative impact on the country's economy and environment.""]",-1.0,-1.0,-1.0,-1.0,-3.0,0
liberia_current__litlildasthiw,"['Liberia is a country in West Africa.', 'It has a population of about 4.6 million people and a land area of 111,369 square kilometers.', 'The capital city is Monrovia.', 'Liberia was founded in 1822 by freed American slaves.', 'It was the first independent African country after the abolition of slavery in the United States.', 'Liberia was ruled by a succession of Americo-Liberian presidents until 1980, when a military coup led by Samuel Doe overthrew the government.', 'Doe was overthrown in 1990 by a rebel group led by Charles Taylor.', 'A civil war ensued that lasted until 2003, when Taylor was forced to flee the country.', 'Since 2003, Liberia has been recovering from the civil war.', 'The country has held several successful elections and has made significant progress in rebuilding its economy.', 'However, Liberia still faces a number of challenges, including poverty, corruption, and unemployment.', 'In 2017, George Weah was elected president of Liberia.', 'Weah is a former football player who is known for his work in promoting peace and development in the country.']",-1.0,-1.0,-1.0,-1.0,-3.0,0
malawi_current__mitmttmihitcchm,"['Malawi is a country in southeastern Africa.', 'It is bordered by Mozambique to the east, Tanzania to the north, and Zambia to the west.', 'The capital and largest city is Lilongwe.', 'Malawi is a developing country with a population of over 18 million people.', ""The country's economy is based on agriculture, which employs more than 80% of the population."", 'The main crops are maize, tobacco, and sugarcane.', 'Malawi is also a major producer of tea and coffee.', 'In recent years, Malawi has made progress in reducing poverty and improving living standards.', 'However, the country still faces a number of challenges, including high levels of corruption, unemployment, and HIV/AIDS.', 'In 2019, Malawi held its fifth presidential election.', 'The election was won by Lazarus Chakwera, who defeated incumbent Peter Mutharika.', ""Chakwera's victory marked a change in government after Mutharika had been in power for five years."", 'Chakwera has pledged to focus on improving the economy and reducing poverty.', ""He has also promised to address the country's high levels of corruption and unemployment."", 'Malawi is a beautiful country with a rich culture and history.']",-1.0,-1.0,-1.0,-1.0,-3.0,0
malawi_entities__tmslttslcb,"['The capital and largest city in Malawi is Lilongwe.', 'Malawi is a diverse country with a rich culture and history.', 'Some of the most important places in Malawi include Lake Malawi, the Shire River, and the Nyika Plateau.', 'Lake Malawi is the third-largest lake in Africa and is home to a wide variety of fish and other wildlife.', 'The Shire River is a major tributary of the Zambezi River and is an important source of water for irrigation and transportation.', 'The Nyika Plateau is a highland region in northern Malawi and is home to a variety of wildlife, including elephants, lions, and leopards.', 'Some of the most important historical figures in Malawi include David Livingstone, John Chilembwe, and Hastings Kamuzu Banda.', 'Livingstone was a Scottish missionary and explorer who was instrumental in the abolition of the slave trade in Africa.', 'Chilembwe was a Malawian Baptist minister who led an uprising against British colonial rule in 1915.', 'Banda was the first president of Malawi and ruled the country from 1964 to 1994.']",-1.0,-1.0,-1.0,-1.0,-3.0,0
mali_challenges__mpetsthttt,"['Mali is facing a number of challenges, including:', '* Political instability: Mali has experienced a number of coups and political crises in recent years, which have destabilized the country and made it difficult to implement reforms.', '* Economic problems: Mali is one of the poorest countries in the world, and its economy is heavily dependent on agriculture.', 'The country is also vulnerable to climate change, which is expected to have a negative impact on its agricultural production.', '* Security threats: Mali is home to a number of armed groups, including jihadist groups such as Ansar Dine and Al-Qaeda in the Islamic Maghreb (AQIM).', 'These groups have carried out attacks against the Malian government and security forces, as well as against civilians.', '* Humanitarian crisis: Mali is facing a humanitarian crisis, with millions of people displaced from their homes due to conflict and insecurity.', 'The country is also experiencing a food crisis, as a result of poor harvests and the high cost of food.', 'These challenges are making it difficult for Mali to achieve its development goals.', 'The country is in need of international assistance to address these challenges and to build a more stable and prosperous future.']",-1.0,-1.0,-1.0,-1.0,-3.0,0
nigeria_current__nintnhibibti,"['Nigeria is a country in West Africa with a population of over 200 million people.', 'It is the most populous country in Africa and the 7th most populous country in the world.', 'Nigeria is a diverse country with over 250 ethnic groups and languages.', 'The official language of Nigeria is English, but many people speak other languages, including Hausa, Yoruba, Igbo, and Fulani.', 'Nigeria is a major oil producer and has the 10th largest proven oil reserves in the world.', 'However, the country has been plagued by corruption and economic instability for many years.', 'In 2015, Muhammadu Buhari was elected president of Nigeria on a platform of fighting corruption and improving the economy.', 'Buhari has made some progress in these areas, but Nigeria still faces many challenges.', 'In recent years, Nigeria has been plagued by a wave of violence by the militant group Boko Haram.', 'Boko Haram is a terrorist group that wants to establish an Islamic state in Nigeria.', 'The group has been responsible for the deaths of thousands of people and the displacement of millions more.', 'In 2015, the Nigerian military launched an offensive against Boko Haram, and the group has been weakened significantly.']",-1.0,-1.0,-1.0,-1.0,-3.0,0
nigeria_entities__slkpsumn,"['Some of the most important places in Nigeria include Lagos, Kano, and Port Harcourt.', 'Lagos is the largest city in Nigeria and the economic capital of the country.', 'Kano is the second largest city in Nigeria and an important center for Islamic culture.', 'Port Harcourt is a major port city and the center of the oil industry in Nigeria.', 'Some of the most important historical figures in Nigeria include Usman dan Fodio, Muhammad Bello, and Nnamdi Azikiwe.', 'Usman dan Fodio was a religious leader who founded the Sokoto Caliphate in the 19th century.', 'Muhammad Bello was the son of Usman dan Fodio and the second sultan of the Sokoto Caliphate.', 'Nnamdi Azikiwe was a nationalist leader who played a key role in the independence of Nigeria from British rule.']",-1.0,-1.0,-1.0,-1.0,-3.0,0
nigeria_typical__atattiihnfb,"['A typical day for a person in Nigeria might start with a cup of tea or coffee and a breakfast of bread, eggs, and plantains.', 'The workday typically starts around 8am and ends around 5pm, with a lunch break in the middle of the day.', 'After work, people might relax at home with their families, go out to dinner, or attend a cultural event.', 'The evening is often spent socializing with friends and family.', 'The daily routine of a Nigerian can vary depending on their location and lifestyle.', 'In rural areas, people may wake up earlier to tend to their farms or livestock.', 'In urban areas, people may have more time for leisure activities.', 'However, some aspects of daily life are common across Nigeria, such as the importance of family and community.', 'Nigeria is a diverse country with a rich culture, and the daily lives of its people reflect this diversity.', 'From the bustling cities of Lagos and Abuja to the more rural areas of the country, there is no one-size-fits-all description of what a typical day in Nigeria is like.', 'But one thing is for sure: no matter where you are in Nigeria, you will find people who are warm, welcoming, and eager to share their culture with you.']",-1.0,-1.0,-1.0,-1.0,-3.0,0
open_142__ttohiitf,"['The rising temperatures and changing precipitation patterns are making it more difficult to grow crops in some areas, while at the same time creating new opportunities for agriculture in other areas.', 'The overall effect is that the global agricultural system is becoming more complex and less predictable.', 'One of the most direct effects of climate change on agriculture is the increase in the frequency and severity of extreme weather events.', 'Heat waves, droughts, floods, and storms can all damage crops and livestock, and make it difficult for farmers to get their crops to market.', 'In some cases, these events can cause entire crop yields to be lost, leading to food shortages and price increases.', 'In addition to extreme weather events, climate change is also leading to changes in the average temperature and precipitation patterns.', 'These changes are making it more difficult to grow some crops in certain areas, while at the same time creating new opportunities for agriculture in other areas.', 'For example, the warmer temperatures in some areas are making it possible to grow crops that were previously not possible, while the increased precipitation in other areas is making it possible to grow crops that were previously not feasible.']",-1.0,-1.0,-1.0,-1.0,-3.0,0
open_23__tiwitafofat,"['""title"": ""The Importance of Sleep"", ""text"": ""Sleep is a vital part of our lives.', 'It allows our bodies to rest and repair themselves, and it helps us to function properly both physically and mentally.', ""When we don't get enough sleep, we can experience a range of negative effects, including fatigue, irritability, difficulty concentrating, and impaired decision-making."", 'In the long term, chronic sleep deprivation can increase our risk of developing health problems such as obesity, heart disease, and diabetes.', 'There are a number of factors that can affect our sleep, including our age, our lifestyle, and our environment.', 'As we age, our sleep patterns tend to change.', 'For example, older adults may need less sleep than younger adults, and they may find it more difficult to fall asleep and stay asleep.', 'Our lifestyle choices can also have a big impact on our sleep.', 'For example, people who work long hours or who have irregular sleep schedules are more likely to experience sleep problems.', 'And finally, our environment can also affect our sleep.', ""Things like noise, light, and temperature can all make it difficult to get a good night's sleep.""]",-1.0,-1.0,-1.0,-1.0,-3.0,0
open_5__taahoataatda,"['The topic I would like to write about is artificial intelligence.', 'Artificial intelligence (AI) is the simulation of human intelligence processes by machines, especially computer systems.', 'AI research has been highly successful in developing effective techniques for solving a wide range of problems, from game playing to medical diagnosis.', 'However, there are still many challenges to be overcome before AI systems can achieve human-level intelligence.', 'One of the biggest challenges facing AI researchers is the problem of generalization.', 'AI systems are often able to learn to solve specific problems very well, but they often struggle to generalize their knowledge to new problems.', 'This is because AI systems are typically trained on a large dataset of examples, and they may not be able to generalize to new situations that are not represented in the training data.', 'Another challenge facing AI researchers is the problem of robustness.', 'AI systems are often brittle, meaning that they can be easily fooled by small changes to the input data.', 'This can make AI systems dangerous in safety-critical applications, such as self-driving cars.', 'Despite these challenges, AI research is making great progress.', 'AI systems are becoming increasingly powerful and capable, and they are already having a major impact on our world.']",-1.0,-1.0,-1.0,-1.0,-3.0,0
south_africa__ahiatatiosoan,"['A typical day for a person in South Africa will vary depending on their location and occupation.', 'However, there are some general trends that can be observed.', 'In the morning, many people will wake up to the sound of roosters crowing and the smell of fresh bread baking.', 'After a quick breakfast, they will head to work or school.', 'The workday typically begins at 8am and ends at 5pm, with a one-hour lunch break in between.', 'After work, people will often spend time with their families and friends.', 'They might go out for dinner, watch a movie, or play games.', ""In the evening, many people will go to bed early in order to get a good night's sleep before starting the cycle all over again the next day."", 'Of course, there are many different ways to spend a day in South Africa.', 'Some people might prefer to spend their time outdoors hiking, swimming, or fishing.', 'Others might enjoy visiting museums, art galleries, or historical sites.', 'And still others might prefer to stay home and relax with a good book or movie.', ""No matter how you choose to spend your day, you're sure to have a memorable experience in South Africa.""]",-1.0,-1.0,-1.0,-1.0,-3.0,0
stt_163__aswiiiwawwbwhststststi,"['As a member of society, we have a responsibility to uphold the values and norms that make our community a better place to live.', 'Stealing is wrong because it deprives others of their property and belongings, and it can have a negative impact on the community as a whole.', 'When people steal, it can create an atmosphere of fear and distrust.', 'It can also make it difficult for businesses to operate and for people to feel safe in their homes and neighborhoods.', 'In addition, stealing can lead to increased crime rates and social unrest.', 'If we want to create a society where everyone feels safe and respected, then we need to do everything we can to discourage and prevent theft.', 'We can do this by teaching our children about the importance of honesty and respect for others, and by working to create strong social and economic conditions that make people less likely to turn to crime.', 'As a socially sensible citizen, we should all do our part to make our community a better place.', 'We should be vigilant about reporting suspicious activity and we should never hesitate to help someone who is in need.', 'We should also be mindful of our own behavior and make sure that we are not doing anything that could put others at risk.', 'By working together, we can create a society where everyone can feel safe and respected.', 'We can make it a place where everyone has the opportunity to succeed, and where everyone can contribute to making the world a better place.', 'Here are some additional thoughts on the importance of being a socially sensible citizen:', '* Socially sensible citizens are aware of the impact of their actions on others.', 'They think about how their behavior affects the community as a whole, and they make choices that benefit everyone.', '* Socially sensible citizens are willing to help others.', 'They are not afraid to get involved in their community and make a difference.', '* Socially sensible citizens are respectful of others.', 'They treat everyone with dignity and respect, regardless of their race, religion, gender, or socioeconomic status.', '* Socially sensible citizens are responsible.', 'They take responsibility for their actions and they are accountable for the impact they have on the world.', 'If we all strive to be socially sensible citizens, we can create a better world for ourselves and for future generations.']",-1.0,-1.0,-1.0,-1.0,-3.0,0
stt_167__itsttsbiivtsi,"[""In the 2006 teen comedy She's the Man, Amanda Bynes plays Viola Hastings, a high school student who disguises herself as a boy in order to play on the boys' soccer team."", ""The film is full of laugh-out-loud moments, thanks to Bynes's spot-on comedic timing and delivery."", 'She is able to perfectly capture the awkwardness and uncertainty of a teenage boy, while still maintaining her own unique brand of humor.', 'The supporting cast is also excellent, with Channing Tatum, Laura Ramsey, and Vinnie Jones all giving memorable performances.', ""The film's director, Andy Fickman, does a great job of balancing the humor with the drama, creating a film that is both funny and heartwarming."", ""She's the Man is a classic teen comedy that is sure to please fans of the genre."", ""Bynes's performance is a standout, and the film is full of laugh-out-loud moments."", ""If you're looking for a fun and entertaining movie to watch, I highly recommend checking out She's the Man."", ""In addition to being a great comedy, She's the Man is also a film with a strong message about gender equality."", ""Viola's decision to disguise herself as a boy in order to play on the boys' soccer team is a powerful statement about the importance of breaking down gender stereotypes."", 'The film shows that girls can be just as good as boys at sports, and that they should not be held back by their gender.', ""She's the Man is a film that is both funny and inspiring."", 'It is a great choice for anyone who is looking for a feel-good movie with a message.']",-1.0,-1.0,-1.0,-1.0,-3.0,0
stt_176__ihitiitiiydoyitilei,"[""I was worried that I might have contracted Lyme disease, but I went to the doctor and he said that I didn't have anything to worry about."", ""He told me that the rash was probably just a reaction to the tick's saliva."", ""I was relieved to hear that I didn't have Lyme disease, but I was still a little bit concerned about the rash."", 'The doctor told me that it would go away on its own, but it took a few weeks for it to completely disappear.', 'In the meantime, I tried to keep the rash clean and dry.', 'I also applied some over-the-counter hydrocortisone cream to help relieve the itching.', ""The rash was itchy and unsightly, but it didn't cause me any other problems."", ""I'm just glad that I didn't have Lyme disease."", ""If you find a tick attached to your body, it's important to remove it as soon as possible."", 'You can use a pair of tweezers to grasp the tick as close to the skin as possible and pull it straight out.', ""Don't twist or jerk the tick, as this could cause the head to break off and remain in your skin."", ""Once you've removed the tick, wash the area with soap and water."", 'You can also apply a topical antibiotic ointment to help prevent infection.', ""It's important to watch for signs of Lyme disease after being bitten by a tick."", 'These symptoms can include fever, headache, fatigue, muscle aches, and a characteristic rash.', 'If you develop any of these symptoms, see your doctor right away.', 'Lyme disease is a serious illness, but it can be treated with antibiotics.', 'Early diagnosis and treatment is important to prevent serious complications.', 'If you have any questions about ticks or Lyme disease, talk to your doctor.']",-1.0,-1.0,-1.0,-1.0,-3.0,0
stt_210__ttiagtitittti,"['They would do this by building roads, bridges, and canals to make travel and transportation easier.', 'They would also establish markets and fairs where merchants could come to buy and sell goods.', 'In addition, they would provide protection for traders from bandits and other criminals.', 'As a result of these efforts, trade flourished throughout the Roman Empire.', 'Goods and ideas flowed freely from one end of the empire to the other.', 'This helped to spread Roman culture and technology throughout the empire and beyond.', 'It also made the empire more prosperous and powerful.', 'The Roman Empire was a vast and complex entity.', 'It was home to a diverse population of people from all over the world.', 'The Romans were able to maintain control over this vast empire by creating a system of roads, bridges, canals, markets, fairs, and protection for traders.', 'This system helped to encourage trade throughout the empire and made it possible for goods and ideas to flow freely from one end of the empire to the other.', 'This helped to spread Roman culture and technology throughout the empire and beyond.', 'It also made the empire more prosperous and powerful.']",-1.0,-1.0,-1.0,-1.0,-3.0,0
stt_223__tittithhatii,"['The venom from the snake is a neurotoxin, which means that it affects the nervous system.', 'It can cause paralysis, respiratory failure, and eventually death.', 'The venom works by binding to receptors on the surface of nerve cells and preventing them from working properly.', 'This can cause a variety of symptoms, including muscle weakness, numbness, tingling, and difficulty breathing.', 'In severe cases, the venom can cause death.', 'The evil dude in the story was probably feeling the effects of the venom as he was dying.', 'He may have felt weak, numb, and tingling.', 'He may have also had difficulty breathing.', 'As the venom continued to affect his nervous system, he would have eventually lost consciousness and died.', 'The venom from the snake is a powerful toxin that can cause serious harm or death.', 'It is important to be aware of the risks of snakes and to take precautions to avoid being bitten.', 'If you are bitten by a snake, it is important to seek medical attention immediately.']",-1.0,-1.0,-1.0,-1.0,-3.0,0
stt_324__iutibtiktiittwdt,"['Imagine being able to enjoy your life without the constant fear of these debilitating conditions.', 'Urinary tract infections (UTIs) are a common problem, especially for women.', 'They can cause a variety of symptoms, including pain, burning, and frequent urination.', 'In some cases, UTIs can lead to more serious problems, such as kidney infections.', 'Bladder stones are another common problem.', 'They can cause pain, difficulty urinating, and blood in the urine.', 'In some cases, bladder stones can block the urethra, which can lead to a life-threatening emergency.', 'Kidney diseases are a serious problem that can affect people of all ages.', 'They can cause a variety of symptoms, including fatigue, nausea, and vomiting.', 'In some cases, kidney diseases can lead to kidney failure, which is a fatal condition.', 'If you are suffering from any of these conditions, there is help available.', 'Talk to your doctor about your symptoms and treatment options.', 'There are a variety of treatments available for UTIs, bladder stones, and kidney diseases.', 'With proper treatment, you can get relief from your symptoms and prevent further complications.', ""Don't let these conditions control your life."", 'Talk to your doctor today and start on the path to recovery.']",-1.0,-1.0,-1.0,-1.0,-3.0,0
stt_326__iiiwthfothittfiwgfgtth,"['Inflation is a general increase in prices and fall in the purchasing value of money.', 'It is often measured as a change in the consumer price index (CPI), which tracks the prices of a basket of goods and services that are commonly purchased by households.', 'Inflation can be caused by a number of factors, including increases in the money supply, higher demand for goods and services, and supply shocks.', 'When the economy is growing rapidly, businesses may be able to raise prices without losing customers.', 'This can lead to a rise in inflation.', 'However, there are also factors that can help to offset the inflationary effects of faster economic growth.', 'For example, if the labor market is tight, wages may rise more slowly than prices, which can help to keep inflation in check.', 'Overall, the relationship between economic growth and inflation is complex.', 'There is no simple rule that can predict how faster economic growth will affect inflation.', 'However, it is important to be aware of the potential for inflation when the economy is growing rapidly.', 'In addition to the factors mentioned above, there are a number of other factors that can affect inflation.', 'These include the exchange rate, interest rates, and government policies.', 'The exchange rate can affect inflation by making imported goods more or less expensive.', 'For example, if the value of the dollar falls, imported goods will become more expensive, which can lead to higher inflation.', 'Interest rates can also affect inflation.', 'When interest rates are high, businesses and consumers are less likely to borrow money, which can slow economic growth and reduce inflation.', 'Government policies can also affect inflation.', 'For example, government spending can increase demand for goods and services, which can lead to higher prices.', 'Government regulations can also affect the price of goods and services.', 'The relationship between economic growth and inflation is complex and depends on a number of factors.', 'There is no simple rule that can predict how faster economic growth will affect inflation.', 'However, it is important to be aware of the potential for inflation when the economy is growing rapidly.']",-1.0,-1.0,-1.0,-1.0,-3.0,0
stt_330__wftwaahtfti,"['While these advances have the potential to improve our lives in many ways, they also raise important concerns about privacy, security, and freedom of expression.', 'For example, the use of facial recognition technology has become increasingly common in recent years.', ""This technology can be used to track people's movements, identify individuals, and even predict their behavior."", 'While facial recognition technology can be used for legitimate purposes, such as preventing crime and catching criminals, it also has the potential to be used for more nefarious purposes, such as surveillance and discrimination.', 'Another concern is the increasing use of artificial intelligence (AI).', 'AI is a powerful tool that can be used to automate tasks, solve complex problems, and create new products and services.', 'However, AI can also be used to create autonomous systems that are capable of making decisions without human intervention.', 'This raises the risk of bias and error, as well as the potential for these systems to be used for malicious purposes.', 'Finally, the development of new technologies, such as 5G networks and the Internet of Things, has the potential to create new vulnerabilities in our digital infrastructure.', 'These vulnerabilities could be exploited by hackers and other malicious actors to steal data, disrupt services, and even cause physical damage.', 'In light of these concerns, it is important to take steps to protect our privacy, security, and freedom of expression in the age of surveillance and technological innovation.']",-1.0,-1.0,-1.0,-1.0,-3.0,0
stt_33__ctocfiaetitfybyitbttb,"['Children are constantly learning and growing, and it is important to teach them about appropriate and safe behavior.', 'This includes teaching them about the difference between right and wrong, how to respect others, and how to stay safe.', 'One of the best ways to teach children about appropriate and safe behavior is by setting a good example.', 'Children learn by watching the adults in their lives, so it is important to model the behavior that you want to see in them.', 'For example, if you want your child to be honest, then you need to be honest with them.', 'If you want your child to be respectful, then you need to be respectful of them.', 'Another important way to teach children about appropriate and safe behavior is to talk to them about it.', 'Explain to them what is right and wrong, and why it is important to behave in a certain way.', 'Talk to them about the consequences of their actions, both good and bad.', 'It is also important to give children opportunities to practice appropriate and safe behavior.', 'This can be done through games, role-playing, and other activities.', 'For example, you can play a game of ""What would you do?"" with your child and ask them how they would respond to different situations.', 'You can also role-play different scenarios, such as how to talk to a stranger or how to cross the street safely.', 'By teaching children about appropriate and safe behavior, you can help them to become responsible and well-rounded individuals.', 'You can also help them to avoid dangerous situations and make good choices.', 'In addition to teaching children about appropriate and safe behavior, it is also important to provide them with a safe and secure environment.', 'This means making sure that your home is safe, that your child is supervised when they are playing outside, and that they are not exposed to violence or other harmful situations.', 'By providing your child with a safe and secure environment, you can help them to feel safe and loved.', 'This will help them to develop a healthy self-esteem and to make good choices.', 'Teaching children about appropriate and safe behavior is an important part of parenting.', 'By setting a good example, talking to your child about behavior, and providing them with a safe and secure environment, you can help them to become responsible and well-rounded individuals.']",-1.0,-1.0,-1.0,-1.0,-3.0,0
stt_354__iipttombaiswwoiitfyttwisa,"[""It's not just about what you wear, but how you wear it."", ""If you're always slouching and your clothes are rumpled, it shows that you don't care about yourself."", ""People will notice and they'll make assumptions about you."", ""They might think that you're lazy or unkempt."", ""They might even think that you're not a good person."", 'Of course, there are times when we all wear shabby clothes.', ""Maybe we're just running errands or we're doing chores around the house."", ""But if you find yourself wearing shabby clothes all the time, it's time to take a look at yourself."", 'Are you really happy with the way you look?', ""If not, then it's time to make a change."", 'Start by taking some time to think about your personal style.', 'What kind of clothes do you feel good in?', 'What kind of clothes make you feel confident?', 'Once you know what you like, start shopping for clothes that fit your personality.', ""It's also important to make sure that your clothes are clean and well-fitting."", ""If they're rumpled or stained, it will only make you look worse."", 'Take the time to iron your clothes and make sure they fit properly.', ""Finally, don't be afraid to experiment with different styles."", 'You might be surprised at what you find.', ""There are so many different ways to dress, so don't be afraid to try new things."", 'The more you experiment, the more likely you are to find a style that you love.', 'When you dress well, it shows that you take pride in yourself.', 'It also makes you feel more confident.', ""So if you're looking for a way to boost your self-confidence, start by taking a look at your wardrobe."", 'A few new clothes can make a big difference.']",-1.0,-1.0,-1.0,-1.0,-3.0,0
stt_388__tttotratstitb,"['This means that students should be actively engaged in the process of remembering what they have heard.', 'They should not simply be passive listeners, but should be actively thinking about what they are hearing and trying to remember it.', 'There are a number of ways to encourage conscious memory work in listening comprehension lessons.', 'One way is to use repetition.', 'This can be done by having students listen to the same passage multiple times, or by having them read a passage aloud multiple times.', ""Repetition helps to fix the information in students' memories."", 'Another way to encourage conscious memory work is to have students take notes while they are listening.', 'This forces them to pay attention to what they are hearing and to think about what is important.', 'Students can also be asked to write down a summary of what they have heard.', 'This helps them to organize the information in their minds and to remember it more effectively.', 'In addition to repetition and note-taking, there are a number of other strategies that can be used to encourage conscious memory work in listening comprehension lessons.', 'These include asking students questions about what they have heard, having them discuss the passage with each other, and having them create their own graphic organizers to represent the information.', 'By using a variety of strategies, teachers can help students to develop their listening comprehension skills and to become more effective learners.']",-1.0,-1.0,-1.0,-1.0,-3.0,0
stt_390__twirwtmriaitiriit,"['These are just a few of the issues that can plague a car that has been in a minor accident.', 'While the damage may not seem significant, it can still be dangerous and expensive to fix.', 'In the case of worn or falling apart rubber pieces, this can be a safety hazard.', 'Rubber is used in a variety of places on a car, including the tires, brake pads, and seals.', 'When rubber becomes worn, it can crack, split, or otherwise deteriorate.', 'This can lead to a number of problems, such as reduced traction, decreased braking performance, and leaks.', 'Missing roof rail pieces can also be a safety hazard.', 'Roof rails are designed to help protect passengers in the event of a rollover accident.', 'If the roof rails are missing, the roof of the car is more likely to collapse in a rollover, which can cause serious injuries or death.', 'A broken fuel tank door lock can also be dangerous.', 'If the fuel tank door cannot be locked, it could come open while the car is moving.', 'This could spill fuel onto the road, which could cause a fire or explosion.', 'In addition to the safety risks, these types of damage can also be expensive to fix.', 'Rubber pieces can be difficult to replace, and roof rails and fuel tank door locks can be expensive to repair or replace.', 'In some cases, it may be more cost-effective to total the car and buy a new one.', 'If you are considering buying a used car that has been in a minor accident, be sure to have it inspected by a qualified mechanic.', 'They will be able to identify any damage that may not be visible to the naked eye, and they can advise you on whether or not the car is safe to buy.']",-1.0,-1.0,-1.0,-1.0,-3.0,0
stt_495__twhtowawoth,"[""This is because we are all created in God's image, and God is the essence of rationality and order."", 'When we live in accordance with our true nature, we are able to experience peace and harmony.', 'However, when we allow our thoughts and actions to become chaotic and inconsistent, we experience inner conflict and turmoil.', 'There are many ways to achieve internal consistency.', 'One way is to live according to our values.', 'When we know what is important to us and we make choices that are consistent with those values, we feel a sense of purpose and direction.', 'Another way to achieve internal consistency is to be honest with ourselves about our strengths and weaknesses.', 'When we are aware of our true selves, we can make choices that are in alignment with our authentic nature.', 'Of course, achieving internal consistency is not always easy.', 'There will be times when we make mistakes or when we are faced with difficult choices.', 'However, if we are willing to strive for consistency, we will eventually find our way back to peace and harmony.']",-1.0,-1.0,-1.0,-1.0,-3.0,0
stt_507__iicstiwatittrrbhtefwbt,"['It has been used for warmth, cooking, and protection, and it has also played a role in shaping the landscape.', 'In recent years, however, the relationship between humans and fire has become increasingly complex.', 'Climate change is making fires more frequent and more intense, and this is having a devastating impact on forests, homes, and lives.', 'Some people argue that the best way to deal with this problem is to suppress all fires.', 'This approach has been used for centuries, but it is not always effective.', 'In fact, it can sometimes make things worse.', 'When fires are suppressed, they build up fuel and become more likely to cause a large, destructive fire.', 'Another approach is to let fires burn naturally.', 'This approach can be effective in some cases, but it is not always safe or practical.', 'In many cases, it is necessary to intervene to protect people and property.', 'The best way to deal with fire is to find a balance between suppression and natural burning.', 'This approach requires planning and cooperation, but it is the most effective way to reduce the risk of wildfires.', 'Resilience and adaptation are key to this approach.', 'Resilience is the ability to withstand and recover from a disturbance, while adaptation is the ability to adjust to a changing environment.', 'Both resilience and adaptation are important for humans and for ecosystems.', 'Humans can build resilience to fire by taking steps to reduce the risk of wildfires, such as clearing brush and creating firebreaks.', 'They can also adapt to fire by learning how to live in fire-prone areas.', 'Ecosystems can also be resilient to fire.', 'Fire is a natural part of many ecosystems, and it can actually help to maintain healthy forests.', 'When fires are suppressed, they can disrupt the natural cycle of fire and forest growth.', 'By working together, humans and ecosystems can build resilience to fire.', 'This will help to reduce the risk of wildfires and protect lives and property.']",-1.0,-1.0,-1.0,-1.0,-3.0,0
stt_511__wtitithttftttttitrtit,"['When you are in a difficult situation, it is important to stay calm and collected.', 'This will help you to think clearly and make good decisions.', 'It is also important to seek out the advice of someone who can help you to understand your situation and make the best decisions for yourself.', 'There are many resources available to you, such as friends, family, counselors, and mental health professionals.', 'If you are struggling to cope with a difficult situation, please reach out for help.', 'There is no shame in asking for help.', 'Here are some tips for staying calm and collected in a difficult situation:', '* Take a few deep breaths.', 'This will help to slow your heart rate and breathing, which will make you feel calmer.', '* Focus on something positive.', 'Think about something that makes you happy or something that you are grateful for.', 'This will help to take your mind off of the negative situation.', '* Talk to someone you trust.', 'Talking about your situation can help to relieve stress and make you feel supported.', '* Take a break.', 'If you are feeling overwhelmed, take some time for yourself to relax and de-stress.', 'This could involve reading, taking a walk, or listening to music.', 'Remember, you are not alone.', 'There are people who care about you and want to help.', 'If you are struggling to cope with a difficult situation, please reach out for help.', 'There is no shame in asking for help.']",-1.0,-1.0,-1.0,-1.0,-3.0,0
stt_519__wpwstimtyoieiptfeti,"['We are all here to learn and grow, and we need to create a safe and respectful environment in order to do that.', 'Please be respectful of your classmates and instructors, and please use discretion when sharing personal information.', 'We all have different learning styles, and we all need to find what works best for us.', 'Some people learn best by listening to lectures, while others learn best by reading or doing activities.', 'There is no right or wrong way to learn, so find what works best for you and stick with it.', ""It's important to be organized and prepared for class."", 'Make sure you have all the materials you need, and arrive on time.', 'Taking notes will help you stay focused and remember what is being taught.', 'You can also review your notes after class to help solidify your understanding of the material.', 'One of the best ways to learn is to ask questions.', ""If you don't understand something, don't be afraid to ask your instructor or classmates for clarification."", 'Everyone is here to learn, and we all want to help each other succeed.', ""It's important to be an active participant in class."", 'Participate in discussions, ask questions, and share your thoughts and ideas.', 'The more you participate, the more you will learn.', ""Finally, don't be afraid to make mistakes."", ""Everyone makes mistakes, and that's part of the learning process."", 'The important thing is to learn from your mistakes and move on.', 'If you follow these tips, you will be well on your way to success in this class.']",-1.0,-1.0,-1.0,-1.0,-3.0,0
stt_546__tityniyttbisotwahstibyiw,"[""Trimming your dog's nails is a necessary part of grooming, but it can be a daunting task for some pet owners."", ""If you're not sure how to trim your dog's nails, don't worry - it's easier than you think."", 'The first step is to gather your supplies.', ""You'll need a pair of sharp scissors or a nail clipper, a styptic powder or pencil, and a towel."", ""Next, you'll need to clip your dog's nails in a comfortable place."", ""If your dog is nervous, try clipping their nails in a quiet room where they can't see out the window."", 'You may also want to have someone help you hold your dog still.', ""To trim your dog's nails, start by gently grasping their paw."", 'Then, use your scissors or clippers to clip the tip of the nail.', 'Be careful not to cut too short, as this can cause pain and bleeding.', ""If you do cut your dog's nail too short, apply a styptic powder or pencil to stop the bleeding."", 'Styptic powders and pencils are available at most pet stores.', ""Once you've trimmed all of your dog's nails, be sure to reward them with a treat."", ""Trimming nails can be a stressful experience for some dogs, so it's important to make it a positive experience."", ""With a little practice, you'll be able to trim your dog's nails like a pro."", 'And your dog will be happy to have their nails trimmed, too!', ""Here are a few additional tips for trimming your dog's nails:"", ""* Start by trimming the nails on your dog's front paws."", 'This is usually the easiest place to start.', '* If your dog is nervous, try trimming their nails one at a time.', '* Be sure to trim the nails evenly.', ""You don't want one nail to be shorter than the others."", ""* If you're not sure how to trim your dog's nails, ask your veterinarian or a groomer for help."", ""With a little care and attention, you can keep your dog's nails trimmed and healthy.""]",-1.0,-1.0,-1.0,-1.0,-3.0,0
stt_572__tsttftattfltiit,"['They provide a safe and supportive environment where former inmates can learn to live independently and avoid relapse.', 'Sober living homes typically offer a variety of services, such as counseling, job training, and addiction support groups.', 'They also provide a sense of community and support, which can be invaluable for people who are reentering society after a period of incarceration.', 'There are many benefits to living in a sober living home.', 'For one, it provides a structured environment where former inmates can learn to live independently.', 'They are expected to follow a set of rules and regulations, which can help them to develop good habits and routines.', 'Additionally, sober living homes offer a variety of services that can help former inmates to get back on their feet.', 'These services may include counseling, job training, and addiction support groups.', 'The sense of community and support that is found in sober living homes can also be very beneficial.', 'Former inmates often feel isolated and alone after being released from prison or jail.', 'Living in a sober living home can help them to connect with others who are going through a similar experience.', 'They can also receive support from staff and other residents, which can help them to stay on track with their recovery.', 'If you are a recently released inmate, living in a sober living home can be a great way to transition back into society.', 'It can provide you with the support and structure that you need to succeed.', 'There are many sober living homes available, so you can find one that meets your needs and budget.']",-1.0,-1.0,-1.0,-1.0,-3.0,0
stt_590__stoafotohtifadtifhyft,"['Studies have shown that people who are married or in a committed relationship are more likely to be physically active than those who are single.', 'There are a number of possible explanations for this finding.', 'One possibility is that married people have more social support, which can make it easier to stick to an exercise routine.', 'Additionally, married people may have more financial resources, which can make it easier to afford gym memberships or other fitness-related expenses.', 'Finally, married people may simply have more time to exercise, as they may not have to worry about the same time constraints as single people.', 'Of course, there are also some studies that have found no relationship between relationship status and exercise.', 'These studies suggest that other factors, such as personality or socioeconomic status, may be more important in determining whether or not someone is physically active.', 'Overall, the research on the relationship between relationship status and exercise is mixed.', 'However, the majority of studies suggest that married people are more likely to be physically active than those who are single.', 'This finding may be due to a number of factors, including social support, financial resources, and time availability.', 'It is important to note that the relationship between relationship status and exercise is not always straightforward.', 'For example, some studies have found that married people are more likely to engage in vigorous-intensity exercise, while other studies have found that single people are more likely to engage in moderate-intensity exercise.', 'Additionally, the relationship between relationship status and exercise may vary depending on other factors, such as age, gender, and socioeconomic status.', 'Despite the mixed findings, the research on the relationship between relationship status and exercise suggests that married people may be more likely to be physically active than those who are single.', 'This finding may be due to a number of factors, including social support, financial resources, and time availability.', 'If you are single and looking to get more exercise, there are a number of things you can do to make it easier.', 'First, try to find a friend or family member who is also interested in getting more active.', 'Having someone to support you can make a big difference.', 'You can also join a fitness class or club, which can provide you with the motivation and accountability you need to stick to your exercise routine.', 'Finally, make sure to set realistic goals for yourself.', 'Trying to do too much too soon can be counterproductive.']",-1.0,-1.0,-1.0,-1.0,-3.0,0
stt_592__fttstccttwdaofiiftfifi,"['Flowers have been used for centuries to communicate messages, and the art of flower arranging is a way to create beautiful and meaningful works of art.', 'There are many different schools of thought on flower arranging, but all share a common goal: to create a balanced and pleasing composition.', 'The most important elements to consider when arranging flowers are shape, color, and texture.', 'Shape is created by the arrangement of the flowers themselves.', 'The flowers can be arranged in a symmetrical or asymmetrical pattern, and they can be grouped together in clusters or placed individually.', 'Color is another important element of flower arranging.', 'Colors can be used to create a sense of harmony or contrast, and they can also be used to evoke specific emotions.', 'Texture is the third element of flower arranging.', 'Texture can be created by using flowers with different types of petals, leaves, and stems.', 'When arranging flowers, it is important to consider the overall effect that you want to create.', 'Do you want a formal or informal arrangement?', 'A romantic or modern arrangement?', 'Once you know what you want, you can start to choose the flowers and arrange them in a way that will achieve your desired effect.', 'Flower arranging is a creative art form that can be enjoyed by people of all ages.', 'It is a great way to express your creativity and to bring beauty into your home.', 'In addition to their aesthetic appeal, flowers can also be used to communicate messages.', 'For example, red roses are often given to express love, while white lilies are often given to express sympathy.', 'The meaning of flowers can vary depending on the culture and the context in which they are given.', 'For example, in some cultures, the color purple is associated with royalty, while in other cultures, it is associated with mourning.', 'If you are not sure what the meaning of a particular flower is, it is always best to ask the person who gave it to you.', 'Flower arranging is a beautiful and meaningful art form that can be enjoyed by people of all ages.', 'It is a great way to express your creativity and to bring beauty into your home.']",-1.0,-1.0,-1.0,-1.0,-3.0,0
stt_605__htwttwowwwliwww,"['He taught that all beings are caught in a cycle of birth, death, and rebirth, and that this cycle is perpetuated by our attachments to things in the world.', 'These attachments can be to anything, from material possessions to ideas and beliefs.', 'When we are attached to something, we become possessive and controlling, and we suffer when we lose or cannot have what we want.', 'The Buddha taught that the way to end suffering is to let go of our attachments.', 'This is not easy, but it is possible through meditation and other spiritual practices.', 'When we let go of our attachments, we become free from the cycle of birth, death, and rebirth, and we can experience true peace and happiness.', 'One of the most important things to remember when trying to let go of our attachments is that we are not our possessions.', 'We are not our ideas or beliefs.', 'We are simply beings who are experiencing the world through our senses.', 'When we can see ourselves in this way, it becomes easier to let go of the things that we think we need to be happy.', 'Letting go of our attachments does not mean that we have to give up everything.', 'It simply means that we need to be able to let go of things when it is time.', 'We need to be able to let go of the things that are no longer serving us, and we need to be able to let go of the things that we are attached to out of fear or insecurity.', 'When we can let go of our attachments, we open ourselves up to a new world of possibilities.', 'We become free to live our lives in a way that is true to ourselves, and we become free to experience the joy and happiness that is our birthright.']",-1.0,-1.0,-1.0,-1.0,-3.0,0
stt_609__titsstihothamtdiiiftyfotob,"['They are often responsible for taking orders, delivering food and drinks, and clearing tables.', 'In some cases, waiters may also be responsible for cleaning the restaurant and preparing food.', 'There are many different types of waiters, each with their own set of skills and responsibilities.', 'Some waiters work in fine dining restaurants, while others work in casual dining establishments.', 'Some waiters are also responsible for bartending, while others are not.', 'The job of a waiter can be both challenging and rewarding.', 'It requires a high level of customer service skills, as well as the ability to work under pressure.', 'However, it can also be a very rewarding job, as waiters often get to interact with a variety of people and learn about different cultures.', 'One of the challenges of being a waiter is dealing with difficult customers.', 'There are always going to be some customers who are rude or demanding.', 'However, it is important for waiters to remain professional and courteous, even when they are being treated poorly.', 'Another challenge of being a waiter is dealing with long hours.', 'Many waiters work long shifts, often on their feet for the entire time.', 'This can be physically demanding, and it can also be difficult to stay focused and alert after working for many hours.', 'Despite the challenges, being a waiter can be a rewarding job.', 'It can be a great way to meet new people and learn about different cultures.', 'It can also be a good way to earn money and gain experience in the hospitality industry.', 'If you are interested in becoming a waiter, there are a few things you can do to prepare.', 'First, you should develop your customer service skills.', 'This can be done by working in a customer service role, such as retail or food service.', 'You should also learn about the different types of restaurants and the different types of food and drink that are served in them.', 'Finally, you should practice your skills in a mock interview setting.', 'Once you have prepared yourself, you can start applying for waiter jobs.', 'There are many different ways to find waiter jobs, such as online job boards, classified ads, and word-of-mouth.', 'Once you have found a few jobs that you are interested in, you can apply for them and start the interview process.', 'Being a waiter can be a challenging and rewarding job.']",-1.0,-1.0,-1.0,-1.0,-3.0,0
stt_617__chotiithiuiitybifsfb,"['Cork flooring is a popular choice for many homeowners because it is durable, stylish, and easy to maintain.', 'However, it is important to know how to properly care for cork flooring in order to extend its lifespan and keep it looking its best.', 'One of the most important things you can do to care for your cork flooring is to sweep, dust, or vacuum it regularly.', 'This will help to remove dirt and debris that can build up on the surface of the flooring and cause it to become damaged.', 'If you have pets, it is especially important to vacuum your cork flooring regularly to remove pet hair and dander.', 'In addition to sweeping, dusting, or vacuuming, you should also occasionally wipe your cork flooring with a damp mop.', 'This will help to remove any dirt or grime that has been missed by the vacuum cleaner.', 'However, it is important to use a damp mop and not a wet mop, as too much water can damage the cork flooring.', 'If you have any spills on your cork flooring, it is important to clean them up as soon as possible.', 'Use a clean cloth to blot up the spill and then wipe the area with a damp mop.', 'If the spill is sticky, you may need to use a mild detergent to clean it up.', 'It is also important to protect your cork flooring from scratches and dents.', 'To do this, you can place felt pads under furniture legs and avoid dragging heavy objects across the floor.', 'You should also avoid using sharp objects on your cork flooring, as this can damage the surface.', 'By following these tips, you can help to keep your cork flooring looking its best for years to come.', 'In addition to the tips above, there are a few other things you can do to care for your cork flooring.', 'First, avoid using harsh chemicals on your cork flooring, as these can damage the surface.', 'Second, do not expose your cork flooring to direct sunlight for long periods of time, as this can cause the color to fade.', 'Finally, if you are planning to move your furniture around, be careful not to drag it across the floor, as this can also damage the surface.', 'By following these tips, you can help to extend the life of your cork flooring and keep it looking its best for years to come.']",-1.0,-1.0,-1.0,-1.0,-3.0,0
stt_636__ifwbtowiatgittdb,"['It is a time to spend with loved ones, give thanks for the year that has passed, and look forward to the year ahead.', 'For some, December can also be a time of stress and anxiety.', 'With the hustle and bustle of the holiday season, it can be easy to feel overwhelmed.', 'But it is important to remember that December is a time for joy and peace.', 'There are many ways to enjoy the month, even if you are busy or on vacation.', 'One way to enjoy December is to spend time with loved ones.', 'Whether you are gathering for a big holiday meal or simply taking a walk around the block with your family, spending time with loved ones is a great way to relax and de-stress.', 'It is also a good opportunity to reflect on the year that has passed and to look forward to the year ahead.', 'Another way to enjoy December is to give back to your community.', 'There are many ways to do this, such as volunteering at a local soup kitchen or donating to a charity.', 'Giving back is a great way to make a difference in the world and to feel good about yourself.', 'If you are feeling overwhelmed by the hustle and bustle of the holiday season, it is important to take some time for yourself.', 'This could mean taking a warm bath, reading a book, or simply spending some time in nature.', 'Taking some time for yourself will help you to relax and de-stress.', 'December is a month of joy and peace.', 'By spending time with loved ones, giving back to your community, and taking some time for yourself, you can make the most of this special time of year.']",-1.0,-1.0,-1.0,-1.0,-3.0,0
stt_693__ftwwiwwiitiolwwttwb,"['For example, a person who is angry at their boss may take it out on their spouse or children.', 'This is because wrath is often a secondary emotion, meaning that it is triggered by another emotion, such as fear, sadness, or anxiety.', 'When we are feeling these emotions, we may lash out in anger in order to protect ourselves or to feel a sense of control.', 'Wrath can also be a destructive emotion.', 'It can lead to violence, abuse, and other harmful behaviors.', 'When we are angry, we may not be thinking clearly and we may make decisions that we later regret.', 'We may also say or do things that hurt others, which can damage relationships and make it difficult to repair them.', 'It is important to be able to recognize and manage wrath.', 'If we can do this, we can avoid the negative consequences of this emotion.', 'There are a number of things we can do to manage wrath, such as:', '* Identifying the triggers for our anger.', 'Once we know what triggers our anger, we can start to avoid these situations or to develop coping mechanisms for dealing with them.', '* Learning to calm ourselves down.', 'When we feel ourselves getting angry, it is important to take a few deep breaths and to try to relax our muscles.', 'We can also do something to distract ourselves, such as listening to music or taking a walk.', '* Talking about our anger.', 'Talking to a trusted friend or therapist can help us to process our anger and to find healthier ways to express it.', 'Wrath is a powerful emotion, but it is one that we can learn to manage.', 'By being aware of our triggers and by developing coping mechanisms, we can avoid the negative consequences of this emotion and live healthier, happier lives.']",-1.0,-1.0,-1.0,-1.0,-3.0,0
stt_88__cptpiiiiiohhababaephw,"['Chess is a game of strategy and tactics.', ""Players must be able to think several moves ahead and anticipate their opponent's moves."", 'They must also be able to recognize patterns in the game and exploit them to their advantage.', 'Pattern recognition is a key skill for chess players.', 'It allows them to see the big picture and understand how the different pieces on the board interact with each other.', 'It also helps them to spot opportunities and threats early on, so that they can make the best possible moves.', 'Intuition is another important skill for chess players.', 'It allows them to make decisions quickly and decisively, even when there is not enough time to think through all of the possible options.', 'Intuition is often developed through experience, but it can also be learned through training.', 'Of course, there are many other skills that are important for chess players, such as calculation, memory, and concentration.', 'However, pattern recognition and intuition are two of the most essential skills that all good chess players have.', 'Here are some examples of how pattern recognition and intuition can be used in chess:', '* A player may recognize that their opponent is trying to set up a particular trap.', 'By anticipating the trap, the player can avoid it and gain an advantage.', '* A player may see that their opponent is weak on one side of the board.', 'By exploiting this weakness, the player can gain control of the game.', '* A player may have a gut feeling that a certain move is the best one to make.', 'Even if they cannot explain why they feel this way, they may be right.', 'Pattern recognition and intuition are not easy skills to develop.', 'However, they are essential for anyone who wants to become a good chess player.', ""With practice, these skills can be honed to a razor's edge, and a player will be able to see the game in a whole new way.""]",-1.0,-1.0,-1.0,-1.0,-3.0,0
stt_8__wtttttttrhspahitiwiwtataiicict,"['When tissue is injured, the body’s immune system sends white blood cells to the area.', 'These cells release chemicals that cause blood vessels to dilate and become more permeable.', 'This allows fluid and white blood cells to leak out of the blood vessels and into the injured tissue.', 'The fluid forms a clear, watery swelling called edema.', 'The white blood cells help to fight infection and to remove damaged tissue.', 'They also release chemicals that stimulate the growth of new tissue.', 'The classic signs of acute inflammation are redness, heat, swelling, and pain.', 'These signs are caused by the increased blood flow and the release of chemicals in the injured tissue.', 'Redness is caused by the dilation of blood vessels.', 'Heat is caused by the increased blood flow and the release of inflammatory chemicals.', 'Swelling is caused by the leakage of fluid from blood vessels into the injured tissue.', 'Pain is caused by the release of inflammatory chemicals and the pressure of the swelling.', 'Acute inflammation is a normal part of the healing process.', 'However, if it is severe or prolonged, it can damage healthy tissue.', 'In some cases, acute inflammation can lead to chronic inflammation, which is a long-term condition that can cause pain, disability, and even death.', 'There are a number of things that can cause acute inflammation, including infection, injury, and autoimmune diseases.', 'Infections are caused by bacteria, viruses, or fungi.', 'When these organisms enter the body, they can trigger an immune response that leads to inflammation.', 'Injuries can also cause inflammation.', 'When tissue is damaged, it releases chemicals that attract white blood cells and other immune cells to the area.', 'These cells release chemicals that cause inflammation.', 'Autoimmune diseases are caused by the body’s immune system attacking its own tissues.', 'This can lead to inflammation in the affected tissues.', 'Acute inflammation is usually treated with pain relievers, such as ibuprofen or acetaminophen.', 'In some cases, corticosteroids may be used to reduce inflammation.', 'If the inflammation is caused by an infection, antibiotics may be prescribed.', 'Chronic inflammation is a long-term condition that can cause pain, disability, and even death.', 'It is often caused by autoimmune diseases, such as rheumatoid arthritis and Crohn’s disease.', 'Chronic inflammation can also be caused by obesity, smoking, and air pollution.', 'There is no cure for chronic inflammation, but it can be managed with medication, lifestyle changes, and physical therapy.']",-1.0,-1.0,-1.0,-1.0,-3.0,0
stt_94__awawawiaaaaifoiaw,"['Assertiveness is the ability to stand up for your rights in a confident and direct way, without being aggressive or passive-aggressive.', 'When you are assertive, you are able to express your thoughts and feelings clearly and respectfully, and you are able to set boundaries and say no when necessary.', 'Aggressiveness, on the other hand, is the tendency to be forceful or hostile in a way that is intended to intimidate or hurt others.', 'When you are aggressive, you may try to control others through intimidation or threats, and you may be quick to anger and lash out.', 'Arrogant behavior is characterized by a feeling of superiority and a lack of respect for others.', 'When you are arrogant, you may brag about your accomplishments, put others down, or act entitled.', 'It is important to be able to distinguish between assertiveness, aggressiveness, and arrogance, as each behavior has its own set of consequences.', 'Assertiveness is generally seen as a positive trait, while aggressiveness and arrogance are often seen as negative traits.', 'Assertive people are more likely to be successful in their personal and professional lives, as they are able to stand up for themselves and get their needs met.', 'Aggressive people, on the other hand, are more likely to alienate others and have difficulty forming healthy relationships.', 'And arrogant people are often seen as conceited and unlikable.', 'If you are struggling to be assertive, there are a few things you can do to improve your assertiveness skills.', 'First, it is important to be aware of your own feelings and needs.', 'Once you know what you want, you can start to express yourself more clearly and directly.', 'It is also important to be respectful of others, even when you are disagreeing with them.', 'And finally, it is important to be confident in yourself and your abilities.', 'When you believe in yourself, others are more likely to believe in you too.']",-1.0,-1.0,-1.0,-1.0,-3.0,0
sudan_current__sisstkiset,"['Sudan is a country in northeastern Africa.', 'It is bordered by Egypt to the north, Libya to the northwest, Chad to the west, the Central African Republic to the southwest, South Sudan to the south, Ethiopia to the southeast, and Eritrea to the east.', 'Sudan has a population of over 40 million people and a land area of over 1.8 million square kilometers.', ""Sudan's history is long and complex."", 'The area has been inhabited by humans for thousands of years, and the first known civilization in Sudan was the Kingdom of Kush, which flourished from around 750 BC to 350 AD.', 'Kush was a powerful kingdom that controlled much of the Nile River valley.', 'In the 7th century AD, Sudan was conquered by the Arabs, who brought Islam to the region.', 'Sudan was ruled by a series of Arab sultanates for centuries, until it was conquered by Egypt in 1821.', 'Egypt ruled Sudan until 1885, when it was conquered by the Mahdi, a religious leader who led a rebellion against Egyptian rule.', ""The Mahdi's rule was short-lived, and Sudan was reconquered by the British in 1898.""]",-1.0,-1.0,-1.0,-1.0,-3.0,0
sudan_historical__tithtt,"['The Mahdist War was a major conflict in Sudan that lasted from 1881 to 1899.', 'It was fought between the forces of the Mahdi, Muhammad Ahmad, and the British Empire.', 'The Mahdi was a religious leader who claimed to be the Mahdi, or the expected redeemer of Islam.', 'He led a revolt against the Egyptian-controlled Sudan and established a state based in Omdurman.', 'The British intervened in the war in 1884 and eventually defeated the Mahdists in 1898.', 'The Mahdist War had a significant impact on Sudan, and it is still remembered today.']",-1.0,-1.0,-1.0,-1.0,-3.0,0
topic_0__rttttr,"['Refrigerators and freezers are essential appliances for keeping food and beverages fresh.', 'They use a variety of processes to cool their contents, including: * Condenser coils: These coils are located on the back or bottom of the refrigerator and are responsible for transferring heat from the inside of the refrigerator to the outside air * Evaporator coils: These coils are located inside the refrigerator and are responsible for absorbing heat from the air inside the refrigerator * Refrigerant: This is a special fluid that circulates through the refrigerator and absorbs heat from the air inside the refrigerator.', 'The refrigerant then passes through the condenser coils, where it releases the heat to the outside air * Thermostat: This controls the temperature inside the refrigerator and freezer.', 'The total amount of heat that a refrigerator or freezer can remove from its contents is called the cooling capacity.', 'The cooling capacity is measured in British thermal units (BTUs) per hour.', 'Refrigerators and freezers are typically rated by their total cooling capacity.']",-1.0,-1.0,-1.0,-1.0,-3.0,0
topic_108__stswwss,"['Sports call to us from our youth, urging us to join in the fun and excitement.', 'They promote physical fitness and teamwork, and teach us how to work together as a pack.', 'Sports also help us to develop our bodies and minds, and to learn how to deal with both victory and defeat.', 'When we play sports, we are not only competing against others, but also against ourselves.', 'We are pushing ourselves to be our best, and we are learning what we are capable of.', 'Sports are a great way to stay healthy and active, and they can also be a lot of fun.', 'So lace up your shoes and get out there!']",-1.0,-1.0,-1.0,-1.0,-3.0,0
topic_109__sitwoyawtoyyb,"['Studying abroad is a once-in-a-lifetime opportunity to immerse yourself in a new culture, learn a new language, and make lifelong friends.', ""It's also a great way to boost your resume and set yourself apart from the competition."", 'There are many different programs to choose from, so you can find one that fits your interests and budget.', ""Whether you want to study in a major city or a small town, there's a program out there for you."", 'One of the best things about studying abroad is the chance to meet new people from all over the world.', ""You'll learn about different cultures and perspectives, and you'll develop a global mindset."", 'Another great benefit of studying abroad is the chance to improve your language skills.', ""When you're immersed in a new language, you'll have the opportunity to practice it every day."", 'This will help you become more fluent and confident in speaking another language.', 'Of course, studying abroad can also be challenging.', ""You'll be living in a new country, away from your family and friends."", ""You'll have to adjust to a new culture and way of life."", 'But these challenges are also part of the learning experience.']",-1.0,-1.0,-1.0,-1.0,-3.0,0
topic_111__vwovatawtii,"[""Vigilante justice is a term used to describe the act of taking the law into one's own hands, typically by meting out punishment to those who have been deemed to have committed crimes."", 'While vigilante justice may seem like a quick and easy way to get justice, it can often lead to more problems than it solves.', 'One of the biggest problems with vigilante justice is that it is typically not done in a fair and impartial manner.', 'Vigilantes are often motivated by anger and emotion, which can lead them to make rash decisions and take actions that are not in the best interests of everyone involved.', 'Additionally, vigilantes often lack the training and experience necessary to properly handle criminals.', 'This can lead to situations where innocent people are harmed or even killed.', 'Another problem with vigilante justice is that it can quickly spiral out of control.', 'When one person takes the law into their own hands, it sends a message to others that they can do the same.', 'This can lead to a cycle of violence and retribution that can be difficult to stop.', 'In the long run, vigilante justice is rarely effective in deterring crime.', 'In fact, it can often have the opposite effect, making criminals more likely to commit crimes in the future.']",-1.0,-1.0,-1.0,-1.0,-3.0,0
topic_113__tftiiwwfitw,"['Today, there are many signs that our society is obsessed with beauty and fitness.', 'From the prevalence of plastic surgery and diet fads to the rise of social media influencers, it seems that we are constantly bombarded with messages about how we need to look and act in order to be considered beautiful.', 'This obsession with beauty can have a number of negative consequences, including body image issues, eating disorders, and depression.', 'It is important to remember that beauty is not just about physical appearance.', 'It is also about our inner qualities, such as our kindness, intelligence, and strength.', 'When we focus on these qualities, we are more likely to find true happiness and fulfillment.', 'We should also be aware of the ways in which we are compensating for our lack of self-care.', 'For example, if we are constantly dieting or spending money on beauty products in an attempt to improve our appearance, we may be trying to cover up our insecurities.', 'Instead of trying to change our appearance, we should focus on loving and accepting ourselves for who we are.', 'Taking care of our physical and mental health is essential for living a happy and fulfilling life.', 'When we take care of ourselves, we are sending a message to the world that we are worthy of love and respect.']",-1.0,-1.0,-1.0,-1.0,-3.0,0
topic_114__aiwaidtwttot,"['Alcoholism is a complex disease that affects people of all ages, races, and socioeconomic backgrounds.', 'It is a chronic relapsing brain disease that is characterized by compulsive alcohol use, despite negative consequences.', 'While there is no single cause of alcoholism, it is believed to be caused by a combination of genetic, environmental, and psychological factors.', 'Alcoholism is a progressive disease that can lead to a number of health problems, including liver damage, heart disease, stroke, cancer, and mental health problems.', 'It can also lead to social problems, such as job loss, relationship problems, and financial difficulties.', 'Despite the negative consequences of alcoholism, it is a treatable disease.', 'There are a number of effective treatments available, including individual therapy, group therapy, and medication.', 'With treatment, people who are struggling with alcoholism can achieve long-term sobriety and live healthy, fulfilling lives.', 'The disease of alcoholism is often compared to a vicious cycle.', 'The first step in breaking the cycle is to recognize that you have a problem.', 'Once you have acknowledged your problem, you can begin to take steps to get help.', 'There are a number of resources available to help you on your journey to recovery, including support groups, addiction specialists, and medications.']",-1.0,-1.0,-1.0,-1.0,-3.0,0
topic_115__ettstitsti,"['Educational opportunities and resources available for students who are not physically present at a school, typically for the purpose of completing a degree, have been increasing in recent years.', 'This is due in part to the growth of online learning, which has made it possible for students to take courses from anywhere in the world.', 'There are a number of different online learning platforms that students can use to complete their degrees.', 'Some of the most popular platforms include Coursera, edX, and Udacity.', 'These platforms offer a variety of courses from top universities and colleges, and students can choose to take courses for credit or audit them for free.', 'In addition to online learning platforms, there are also a number of other resources available to students who are not physically present at a school.', 'These resources include online libraries, tutoring services, and writing centers.', 'Students can also find support from online communities of other students who are also working to complete their degrees.', 'The following is a quote from someone else about the benefits of online learning: ""Online learning is a great option for students who want to earn a degree or certificate without having to attend classes on campus.', ""It's also a good option for students who have busy schedules or who live in remote areas.""]",-1.0,-1.0,-1.0,-1.0,-3.0,0
topic_117__cicttcttiwtwtii,"['Christianity is a religion based on the life and teachings of Jesus Christ.', ""It is one of the world's major religions, with over 2 billion followers."", 'Christians believe that Jesus is the Son of God and that he came to earth to save people from their sins.', 'They also believe that he rose from the dead and ascended into heaven.', 'The importance of love for Jesus is central to Christianity.', 'Christians are called to love God with all their heart, soul, mind, and strength.', 'They are also called to love their neighbors as themselves.', 'This love is not just a feeling, but a way of life.', 'It is expressed through acts of kindness, compassion, and forgiveness.', 'When we love Jesus, we are not only showing our love for him, but we are also showing our love for God.', ""This is because Jesus is the perfect expression of God's love for us."", ""When we love Jesus, we are opening ourselves up to receive God's love into our hearts."", 'The love of Jesus is a powerful force that can transform our lives.', 'It can give us hope, strength, and peace.', 'It can help us to forgive others and to love ourselves.']",-1.0,-1.0,-1.0,-1.0,-3.0,0
topic_118__rtrwtarttfdtr,"['Rainstorms are a common occurrence in many parts of the world, and they can have a significant impact on our lives.', 'They can bring much-needed water to parched land, but they can also cause flooding, mudslides, and other damage.', 'Rainstorms are caused by the rising of warm air, which causes water vapor to condense and form clouds.', 'When the water droplets in the clouds become too heavy, they fall as rain.', 'The amount of rain that falls in a rainstorm is measured in inches.', 'A light rainstorm might produce only a few inches of rain, while a heavy rainstorm can produce over a foot of rain.', 'Rainstorms can have a variety of effects on our lives.', 'They can wash away dirt and debris, making roads and sidewalks impassable.', 'They can also cause power outages and flooding.', 'Flooding can be especially dangerous, as it can quickly sweep away people and property.', 'Despite the potential dangers, rainstorms can also be beneficial.', 'They can help to improve soil quality and water the plants.', 'Rainstorms can also be a source of entertainment, as people enjoy watching the rain and listening to the thunder.']",-1.0,-1.0,-1.0,-1.0,-3.0,0
topic_119__iiitoiina,"['In the past few years, there have been a number of cases of home invasions, natural disasters, and other emergencies that have left people without their homes.', 'In many of these cases, the victims were not prepared for the event and had to spend a long time recovering.', 'In order to help people better prepare for these events, a number of companies have developed products and services that can help secure the home.', ""These products range from security systems to flood-proof safes, and they can help to protect people's homes and belongings in the event of a crime, disaster, or emergency."", 'One of the most important things to consider when choosing a home security system is the type of crime that is most common in your area.', 'If you live in a high-crime area, you may want to consider a system that includes features like motion sensors and cameras.', 'If you live in an area that is prone to natural disasters, you may want to consider a system that is designed to withstand high winds and flooding.', 'No matter what type of home security system you choose, it is important to make sure that it is installed and maintained properly.', 'A poorly installed system can be more of a hindrance than a help.']",-1.0,-1.0,-1.0,-1.0,-3.0,0
topic_120__hiypsomywftstttfs,"['Hygiene and toiletries are essential for maintaining good health and well-being.', 'In Spain, there are many different areas where you can purchase these items.', 'You can find them in supermarkets, pharmacies, and department stores.', 'Prices vary depending on the location and the brand.', ""Some of the most popular brands of toiletries in Spain include Nivea, Dove, and L'Oréal."", 'One of the most important things to consider when buying toiletries is the ingredients.', 'Make sure to read the labels carefully to avoid products that contain harsh chemicals.', 'You should also pay attention to the packaging to make sure that the product is safe for the environment.', 'When it comes to hygiene, there are a few things that you should keep in mind.', 'First, make sure to wash your hands regularly with soap and water.', 'This will help to prevent the spread of germs.', 'Second, brush your teeth twice a day and floss regularly.', 'This will help to keep your teeth and gums healthy.', 'Third, take a shower or bath every day.', 'This will help to remove dirt and sweat from your body.', ""Finally, don't forget about your hair."", 'Shampoo and condition your hair regularly to keep it healthy and looking its best.']",-1.0,-1.0,-1.0,-1.0,-3.0,0
topic_125__ctstihtjacwau,"['Childhood games are a special part of our lives.', 'They provide us with hours of fun and laughter, and they help us learn important life lessons.', 'Some of the most popular childhood games include hide-and-seek, tag, jump rope, and marbles.', 'These games are simple to play and require very few materials, making them perfect for kids of all ages.', 'In addition to being fun, childhood games can also help children develop their social and motor skills.', 'Hide-and-seek teaches children how to cooperate with others and how to follow directions.', 'Tag helps children develop their coordination and agility.', 'Jump rope helps children improve their balance and rhythm.', 'And marbles teaches children how to compete and how to deal with winning and losing.', 'Childhood games are also a great way for kids to connect with their friends and family.', ""When you play a game with someone, you're creating a shared experience that can bring you closer together."", ""And when you play a game with your family, you're not only having fun, you're also learning how to work together and how to support each other."", 'Unfortunately, many of the classic childhood games that we grew up playing are no longer as popular as they once were.']",-1.0,-1.0,-1.0,-1.0,-3.0,0
topic_128__itttitatiotothtseaeb,"['In the beginning, there was only darkness.', 'The universe was a vast, empty void.', 'Then, out of the darkness, came a spark.', 'This spark was the first sign of life in the universe.', 'It grew and expanded, becoming a small ball of fire.', 'This ball of fire was the sun.', 'Around the sun, the planets began to form.', 'The Earth was the third planet from the sun.', 'It was a small, rocky planet with a thin atmosphere.', 'On the Earth, the first living things began to appear.', 'These were simple organisms, such as bacteria and algae.', 'Over time, these organisms evolved into more complex forms of life, such as plants and animals.', 'The first humans appeared on Earth about 200,000 years ago.', 'Humans have evolved and developed to become the dominant species on Earth.', 'The universe is still expanding and evolving.', 'Scientists believe that it will continue to expand for billions of years.', 'Eventually, the universe will reach a point where it can no longer expand.', 'At this point, the universe will begin to contract.', 'Eventually, the universe will collapse in on itself and disappear.', 'But even though the universe may end, the story of life will continue.']",-1.0,-1.0,-1.0,-1.0,-3.0,0
topic_129__ciittbwwimt,"['Coming of age is a time of great change and self-discovery.', 'It is a time when we begin to learn who we are and what we want out of life.', 'It is also a time when we learn to take responsibility for our own actions and to make our own decisions.', 'The journey of coming of age is not always easy.', 'There will be times when we feel lost, confused, or alone.', 'But it is also a time of great opportunity and growth.', 'We can learn to become more independent, more confident, and more resilient.', 'We can learn to live our lives with purpose and meaning.', 'If you are currently in the process of coming of age, know that you are not alone.', 'Many people have gone before you, and many will go after you.', 'The journey of coming of age is a universal one, and it is one that we all must take.']",-1.0,-1.0,-1.0,-1.0,-3.0,0
topic_132__pptcoto,"['Pottery is a craft that involves making objects out of clay.', 'Pottery is often used for utilitarian purposes, such as storing food or water, but it can also be used for decorative purposes.', 'The process of making pottery begins with gathering clay.', 'Clay is a natural material that is found in the ground.', 'Once the clay has been gathered, it is mixed with water and kneaded until it is soft and pliable.', 'The potter then uses a variety of tools to shape the clay into the desired form.', 'Once the clay is shaped, it is dried and fired in a kiln.']",-1.0,-1.0,-1.0,-1.0,-3.0,0
topic_133__ttotihttw,"['The live performances of classical music are a unique and special experience.', 'The combination of the beauty of the music, the skill of the performers, and the energy of the audience creates an atmosphere that is unlike anything else.', 'One such event that perfectly captures the magic of live classical music is the annual return of the Boston Symphony Orchestra to Tanglewood.', ""This summer festival, which has been running for over 100 years, brings together some of the world's greatest musicians to perform in a beautiful outdoor setting."", 'In a recent article, one music critic described the experience of attending a concert at Tanglewood as ""being transported to another world.""', 'He went on to say that ""the sound of the orchestra, the smell of the trees, and the sight of the stars overhead all combined to create a truly unforgettable experience.""', 'The return of the Boston Symphony Orchestra to Tanglewood is just one example of the many live performances of classical music that take place around the world each year.', 'These events are a testament to the enduring popularity of classical music and the important role it plays in our culture.', 'Whether you are a seasoned classical music fan or a newcomer to the genre, I encourage you to experience a live performance of classical music.']",-1.0,-1.0,-1.0,-1.0,-3.0,0
topic_136__vwtvstitw,"['Vegetarian cuisine encompasses a wide variety of dishes and ingredients that are prepared without the use of meat, poultry, or fish.', 'While some vegetarians avoid all animal products, including dairy and eggs, others may consume dairy or eggs but not meat.', 'There are many reasons why people choose to adopt a vegetarian diet, including ethical concerns about the treatment of animals, environmental concerns about the impact of animal agriculture on the planet, and health concerns about the consumption of meat.', 'Vegetarian food can be just as delicious and satisfying as meat-based dishes, and there are a number of ways to incorporate plant-based proteins into your diet.', 'Some popular vegetarian proteins include beans, lentils, tofu, tempeh, and seitan.', 'There are also a number of meat substitutes available on the market, such as veggie burgers, chicken nuggets, and soy-based hot dogs.', ""If you're new to vegetarian cooking, there are a number of resources available to help you get started."", 'There are cookbooks, websites, and blogs dedicated to vegetarian cuisine, and there are also a number of cooking classes available.', 'With a little creativity and experimentation, you can easily create delicious and satisfying vegetarian meals for yourself and your family.']",-1.0,-1.0,-1.0,-1.0,-3.0,0
topic_137__aicehtotptts,"['As the twentieth century drew to a close, computers and electronics were becoming increasingly intertwined.', 'In the early days of computing, these two fields were largely separate.', 'Computers were large, expensive machines that were used for scientific and military purposes.', 'Electronics were used in a variety of consumer products, such as radios, televisions, and telephones.', 'However, as computers became smaller and more affordable, they began to be used in a wider variety of applications.', 'This led to a blurring of the lines between computers and electronics.', 'One of the most significant developments in the history of computers and electronics was the invention of the personal computer (PC).', 'The PC was first introduced in the 1970s, and it quickly became a popular tool for both personal and business use.', 'PCs were originally designed for use in homes and offices, but they soon found their way into other settings, such as schools and libraries.', ""The PC's portability and versatility made it an ideal tool for a wide range of tasks, from word processing to gaming."", 'The development of the PC also led to the development of a new industry: the software industry.', 'Software companies created programs that could run on PCs, and these programs quickly became essential tools for PC users.']",-1.0,-1.0,-1.0,-1.0,-3.0,0
topic_141__ttitiihs,"['Television is one of the most popular forms of entertainment in the world, and is used for news, education, and advertising.', 'TVs were first invented in the early 1900s, but they did not become popular until the 1950s.', 'In the United States, there are currently over 110 million television households.', 'Television has had a profound impact on society.', 'It has brought the world closer together, allowing people to see and hear things from all over the globe.', 'It has also been a force for social change, raising awareness of important issues and helping to bring about social justice.', 'However, television has also been criticized for its negative effects, such as promoting violence and consumerism.', 'Some people also argue that it is a waste of time and that it encourages people to be passive.']",-1.0,-1.0,-1.0,-1.0,-3.0,0
topic_145__ditthoaaudi,"['Digital messaging across the internet, mobile phones, and other computer networks, such as email, voicemail, and messaging services, has revolutionized the way we communicate.', 'In the past, sending a message meant waiting for a letter to arrive by snail mail, or hoping that your recipient would be available to answer their phone.', 'Today, we can send messages instantaneously, regardless of time or location.', 'This has had a profound impact on our lives, making it easier to stay in touch with friends and family, conduct business, and access information.', 'However, the speed and convenience of digital messaging has also come with some challenges.', 'One of the most pressing concerns is the issue of data privacy.', 'As more and more of our personal information is transmitted online, it is becoming increasingly important to protect ourselves from identity theft and other cybercrimes.', 'Another challenge is the problem of spam.', 'Unwanted messages, often containing malicious software or fraudulent links, can be a nuisance and even a danger to our devices and our data.', 'Despite these challenges, digital messaging remains an essential part of our lives.', 'It is a powerful tool that we can use to connect with others, learn new things, and make our lives more convenient.']",-1.0,-1.0,-1.0,-1.0,-3.0,0
topic_14__sttptisi,"['Soccer is a complex sport that requires a great deal of knowledge and skill to play at a high level.', 'The game is played on a large field with two teams of 11 players each.', ""The objective of the game is to score goals by kicking the ball into the opponent's net."", 'Players can use their feet, heads, and bodies to control the ball, and they can pass it to teammates or shoot it at the goal.', 'The game is fast-paced and requires players to be in excellent physical condition.', 'It is also a very strategic sport, and players must be able to think quickly and make decisions on the fly.', 'Soccer is a popular sport all over the world, and it is one of the most-watched sports in the world.', 'It is a great sport for people of all ages, and it can be enjoyed by people of all skill levels.']",-1.0,-1.0,-1.0,-1.0,-3.0,0
topic_156__tittihwtt,"[""The government is a complex system that is responsible for managing a country's affairs."", 'It is made up of different branches, each with its own set of responsibilities.', 'The legislative branch makes laws, the executive branch enforces them, and the judicial branch interprets them.', 'The government also plays a role in regulating the economy, providing public services, and protecting the country from threats both foreign and domestic.', 'It is an essential part of any society, and its effectiveness is critical to the well-being of its citizens.', 'However, the government can also be a source of oppression and corruption.', 'When it is not accountable to the people, it can become a tool for the wealthy and powerful to exploit the poor and marginalized.', 'This is why it is so important to have a strong system of checks and balances in place to prevent the government from becoming too powerful.', 'The ideal government is one that is responsive to the needs of its people, while also being strong enough to protect them from harm.']",-1.0,-1.0,-1.0,-1.0,-3.0,0
topic_158__lhltgtgtlt,"['Law and government are two closely related concepts that are often used interchangeably.', 'However, there is a key difference between the two: law is a set of rules that govern society, while government is the body that enforces those rules.', 'Laws are created by governments in order to maintain order and protect the rights of citizens.', 'They can be either written or unwritten, and they can be enforced through a variety of means, such as fines, imprisonment, or even death.', 'Governments are responsible for interpreting and enforcing the law.', 'They also create policies that are designed to promote the general welfare of society.', 'Governments can be either democratic or authoritarian, and they can range in size from small villages to large countries.', 'The relationship between law and government is a complex one.', 'Laws can influence the way that governments operate, and governments can influence the way that laws are created and enforced.', 'This relationship is constantly evolving, and it is an important part of understanding how society functions.']",-1.0,-1.0,-1.0,-1.0,-3.0,0
topic_159__ftftfftt,"['Floods are a natural disaster that can cause widespread damage and loss of life.', 'They are often caused by heavy rainfall or snowmelt that exceeds the capacity of a river or other waterway, resulting in the overflow of water onto land.', 'Floods can also be caused by dams or levees breaking, or by tsunamis.', 'The most common types of floods are river floods, which occur when a river overflows its banks, and flash floods, which occur when a large amount of rain falls in a short period of time.', 'Floods can also occur in coastal areas due to storm surges, which are large waves that are pushed inland by strong winds.', 'Floods can cause a wide range of damage, including loss of life, property damage, and environmental damage.', 'They can also disrupt transportation and communication, and lead to food and water shortages.', 'The resulting loss of homes and livelihoods can force people to relocate, which can lead to social and economic problems.']",-1.0,-1.0,-1.0,-1.0,-3.0,0
topic_163__itittjhhjhtjh,"['In the summer of 2023, a heat wave hit the city of Los Angeles.', 'The temperatures were soaring, and the people were starting to get restless.', 'In one house, a family of four was trying to stay cool.', 'The parents, John and Mary, were both working from home, and their two children, Sarah and Michael, were trying to do their schoolwork.', 'The fans in the house were running full blast, but it was still hot.', 'John was starting to get interested in the latest fan technology.', 'He had read about a new type of fan that could cool a room more efficiently than traditional fans.', 'He decided to do some research to see if he could find one that would work for his family.', 'John found a website that sold a variety of fans.', 'He browsed through the different types of fans, and he eventually found a fan that he thought would work for his family.', 'The fan was called the ""Disorderly Vortex Fan"", and it was designed to create a vortex of air that would cool the room more efficiently than traditional fans.', 'John ordered the fan, and it arrived a few days later.', 'He set it up in the living room, and he was immediately impressed by how well it worked.']",-1.0,-1.0,-1.0,-1.0,-3.0,0
topic_165__fiftfifi,"['Fufu is a starchy, doughy food made from pounded plantains or cassava.', 'It is a staple food in many West African countries, and is often served with soups or stews.', 'Fufu is typically made by pounding the plantains or cassava in a large mortar and pestle until they are smooth and pasty.', 'The resulting fufu is then shaped into balls or logs and served.', 'Fufu is a very filling food, and it is often eaten as a main course.', 'It is also a good source of carbohydrates, vitamins, and minerals.', 'Fufu is a traditional food that has been eaten in West Africa for hundreds of years.', 'It is a part of the culture and identity of many West African societies.']",-1.0,-1.0,-1.0,-1.0,-3.0,0
topic_168__ctiwftitfhfifct,"['Crops and seeds are essential to life.', 'They provide us with food, clothing, and shelter.', 'In order to grow healthy crops, we need to select the right seeds for our climate and soil conditions.', 'We also need to take care of our crops by watering them, fertilizing them, and protecting them from pests.', 'Farmers have been selecting and breeding crops for thousands of years.', 'They have learned how to grow crops that are resistant to pests and diseases, and that produce high yields.', 'In recent years, farmers have also begun to use genetic engineering to improve crop yields and resistance to pests.', 'The process of growing crops is not without its challenges.', 'Farmers often have to deal with unpredictable weather conditions, pests, and diseases.', 'However, the rewards of growing crops can be great.', 'Farmers can provide food for their families and communities, and they can also earn a living from their work.', 'In addition to providing food, crops can also be used to create other products.', 'For example, cotton can be used to make clothing, and corn can be used to make ethanol.', 'Crops can also be used to create biofuels, which can help to reduce our dependence on fossil fuels.', 'The importance of crops and seeds is undeniable.']",-1.0,-1.0,-1.0,-1.0,-3.0,0
topic_171__itaftdfip,"['It is a popular activity in many parts of the world, and is often regulated by government agencies to ensure sustainable populations of deer.', 'There are a variety of methods used to hunt deer, including archery, firearms, and trapping.', 'Archery is the oldest and most traditional method of deer hunting, and is often considered to be the most challenging.', 'Firearms are also commonly used, and can be either rifles or shotguns.', 'Trapping is less common, but can be effective in certain situations.', 'Deer hunting can be a physically and mentally challenging activity, but it can also be a rewarding one.', 'For many people, deer hunting is a way to connect with nature and enjoy the outdoors.', 'It can also be a way to provide food for their families.', 'Please note that deer hunting is a regulated activity, and hunters must follow all applicable laws and regulations.']",-1.0,-1.0,-1.0,-1.0,-3.0,0
topic_176__aitaitii,"['Apartheid was a system of racial segregation that existed in South Africa from 1948 to 1994.', 'It was characterized by the separation of people of different races into different areas, schools, and other public facilities.', 'The system was enforced by the South African government through a series of laws and regulations that discriminated against black people.', 'Apartheid was a brutal and oppressive system that denied black people their basic human rights.', 'It resulted in the deaths of many people and the displacement of millions more.', 'The end of apartheid came about through a combination of internal and external pressure.', 'In 1990, Nelson Mandela was released from prison and negotiations began between the government and the African National Congress.', 'In 1994, South Africa held its first free and fair elections, and Nelson Mandela was elected president.']",-1.0,-1.0,-1.0,-1.0,-3.0,0
topic_178__jtkttkktfts,"['Judaism and Kosher Kosher is a set of dietary laws in Judaism.', 'These laws define which foods are permissible to eat and which are not.', 'Kosher foods are those that are considered to be fit for consumption according to Jewish law.', 'The laws of kosher are based on the Torah, the first five books of the Hebrew Bible.', 'These laws prohibit the consumption of certain animals, such as pigs and shellfish, as well as the consumption of blood and meat from animals that have not been slaughtered in a specific way.', 'Kosher foods are also subject to a number of other regulations, such as the separation of dairy and meat products.', 'Kosher food is prepared in a way that ensures that it is fit for consumption according to Jewish law.', 'The observance of kosher laws is an important part of Jewish religious practice.', 'For many Jews, eating kosher food is a way to show their devotion to God and to connect with their heritage.', 'There are a number of reasons why Jews observe kosher laws.', 'Some of these reasons are based on religious beliefs, while others are based on practical considerations Religious reasons Jews believe that God gave the Torah to Moses at Mount Sinai.']",-1.0,-1.0,-1.0,-1.0,-3.0,0
topic_181__etettrw,"['Eyes are complex organs that allow us to see.', 'They are located in the front of the head and are protected by the eyelids.', 'Each eye is made up of three layers: the sclera, the choroid, and the retina.', 'The sclera is the white part of the eye, the choroid is the dark layer behind the sclera, and the retina is the light-sensitive layer at the back of the eye.', 'The retina contains millions of light-sensitive cells called rods and cones.', 'Rods are responsible for night vision, while cones are responsible for color vision.', 'When light hits the retina, it is converted into electrical signals that are sent to the brain via the optic nerve.']",-1.0,-1.0,-1.0,-1.0,-3.0,0
topic_188__afwft,"['A flea market is an outdoor market or bazaar where inexpensive or secondhand goods are sold or bartered.', 'Flea markets are typically held on weekends and are a popular place to find unique and affordable items.', 'While the items sold at flea markets are often used, they can also be new and unopened.', 'Flea markets are a great place to find bargains on everything from clothing and furniture to antiques and collectibles.', ""They are also a great place to find unique items that you won't find anywhere else.""]",-1.0,-1.0,-1.0,-1.0,-3.0,0
topic_194__tttottittt,"['The relationship between teachers and students is a complex one, but it is one that is essential for learning.', 'Teachers work to impart knowledge and skills to their students, while students learn and grow under their guidance.', 'This relationship is based on mutual respect and trust, and it is essential for creating a positive learning environment.', 'One of the most important things that teachers can do is to understand the laws of learning.', 'These laws help teachers to understand how students learn best, and they can use this knowledge to create lessons that are effective and engaging.', 'Teachers should also be aware of the different learning styles that students have, and they should tailor their teaching methods to meet the needs of each student.', ""In addition to teaching students academic content, teachers also play a vital role in shaping their students' future."", 'They teach students about the importance of hard work, perseverance, and responsibility.', 'They also help students to develop their social and emotional skills, which are essential for success in life.', ""The relationship between teachers and students is a powerful one, and it can have a lasting impact on students' lives.""]",-1.0,-1.0,-1.0,-1.0,-3.0,0
topic_195__rrrtath,"['Robots are machines that are capable of carrying out a complex series of actions automatically, especially one programmable by a computer.', 'Robotics has become increasingly important in recent years, as robots have been used to automate a wide variety of tasks, from manufacturing to surgery.', 'Robots are also being used in more and more applications, such as search and rescue, space exploration, and military combat.', 'The field of robotics is constantly evolving, and new advances are being made all the time.', 'As robots become more sophisticated, they will be able to perform an ever-wider range of tasks.', 'This will have a major impact on our lives, changing the way we work, play, and interact with the world around us History of Robotics The history of robotics can be traced back to the ancient Greeks, who created mechanical devices such as the Antikythera mechanism and the Talos of Hephaestus.', 'However, the modern field of robotics is generally considered to have begun in the 1940s, with the work of George Devol and Victor Scheinman.']",-1.0,-1.0,-1.0,-1.0,-3.0,0
topic_196__miimtsbmiiiw,"['Music is a powerful force in our lives.', 'It can make us laugh, cry, dance, and think.', 'It can transport us to another time and place, or it can help us to connect with our own emotions.', 'Music is a universal language that can bring people together from all walks of life.', 'There are many different types of music, each with its own unique sound and appeal.', 'Some of the most popular genres include rock, pop, hip-hop, country, and classical.', ""But no matter what your taste in music, there's something out there for everyone."", 'Music has been shown to have a number of benefits for our health and well-being.', 'It can reduce stress, improve our mood, and boost our immune system.', 'It can also help us to learn, focus, and sleep better.', ""If you're looking for a way to improve your life, consider adding more music to it."", ""Whether you listen to music while you work, exercise, or relax, it's sure to have a positive impact on your overall well-being.""]",-1.0,-1.0,-1.0,-1.0,-3.0,0
topic_1__gotattgtifto,"['Ghana is a country with a rich and diverse culture, and its traditional customs are a major part of that.', 'One of the most important customs is the naming ceremony, which is held for a newborn child.', ""The ceremony is typically presided over by a traditional priest or elder, and it involves the naming of the child, as well as prayers and blessings for the child's future."", 'Another important custom is the funeral ceremony, which is held for a deceased person.', 'The ceremony is typically very elaborate and involves music, dancing, and food.', 'The deceased person is typically buried with their belongings, and a shrine is often built in their honor.', 'Ghana is also home to a number of traditional festivals, such as the Odwira festival, which is held in the Ashanti region.', 'The festival is a time for celebration and thanksgiving, and it involves traditional music, dancing, and food.', 'In recent years, some traditional customs in Ghana have been adapted to modern life.', 'For example, some naming ceremonies now include electronic devices such as computers and projectors.', 'This allows for the ceremony to be more interactive and engaging for the participants.', ""Overall, traditional customs in Ghana are a major part of the country's culture, and they continue to be practiced today.""]",-1.0,-1.0,-1.0,-1.0,-3.0,0
topic_200__isittimtaw,"['""I can\'t believe we\'re going to be learning how to cook Indian food today,"" said 10-year-old Priya excitedly.', 'She had been looking forward to this day ever since her teacher, Ms. Singh, had announced that they would be doing a unit on different cultures. ""I\'ve never had Indian food before,"" said Priya\'s friend, Sam. ""What\'s it like?""', '""It\'s delicious,"" said Priya ""It\'s usually very flavorful, with a lot of spices. And there are so many different dishes to choose from.""', 'The class arrived at the kitchen, and Ms. Singh began to set up.', '""Today, we\'re going to be making a simple dish called dal makhani,"" she said.', '""It\'s a type of lentil soup that\'s very popular in India.""', 'Ms. Singh showed the class how to measure out the ingredients and cook the lentils.', 'The students helped each other chop vegetables and stir the pot.', 'As they worked, they chatted about their favorite foods and what they were looking forward to trying in India.', 'When the dal makhani was finished, the students sat down to eat.']",-1.0,-1.0,-1.0,-1.0,-3.0,0
topic_213__siiitioshfhi,"['Sexuality is a fundamental part of human experience, and it plays a positive role in many aspects of our lives.', 'It can be a source of pleasure, intimacy, and connection with others.', 'It can also be a way to express ourselves and our creativity.', 'In many cultures, sexuality is celebrated as a natural and beautiful part of life.', 'This can lead to more open and honest communication about sex, which can help to reduce shame and stigma.', 'It can also create a more supportive environment for people who are exploring their sexuality or who are experiencing sexual difficulties.', 'Of course, sexuality can also be a source of pain and difficulty.', 'Sexual abuse, assault, and harassment are all too common, and they can have a devastating impact on victims.', 'However, it is important to remember that these experiences are not the norm.', 'For most people, sexuality is a positive force in their lives.', 'Here is one example of how sexuality can play a positive role in human culture: In many cultures, sexuality is used as a way to connect with the divine.', 'In Hinduism, for example, the god Shiva is often depicted in sexual union with his consort, Parvati.']",-1.0,-1.0,-1.0,-1.0,-3.0,0
topic_214__wehotiwattfct,"['When it comes to raising children, there is no one-size-fits-all approach.', 'Every child is different, and what works for one family may not work for another.', 'However, there are some general principles that can help parents raise happy, healthy, and successful children.', 'One of the most important things parents can do is to establish a strong relationship with their children.', 'This means spending time together, talking to them, and listening to them.', 'It also means setting limits and boundaries, and enforcing them consistently.', 'When children know what is expected of them, they are more likely to behave appropriately.', 'Another important factor in raising children is to teach them about consent.', ""This means teaching them that they have the right to say no to anything they don't want to do, and that they should respect the rights of others to say no as well."", 'This is an important lesson that will help children protect themselves from abuse and exploitation.', 'Finally, parents need to be role models for their children.', 'Children learn by watching the adults in their lives, so it is important that parents behave in a way that they want their children to emulate.', 'This means being honest, respectful, and responsible.']",-1.0,-1.0,-1.0,-1.0,-3.0,0
topic_217__tbtyyentrota,"['""The news is a vital part of our lives, keeping us informed about the world around us.', 'But with so many different sources of news available, it can be difficult to know where to start.', 'There are a few different ways to get your news.', 'You can read newspapers, watch the news on TV, or listen to the radio.', 'You can also get your news online from websites or apps.', 'Each of these sources of news has its own advantages and disadvantages.', 'Newspapers offer in-depth coverage of stories, but they can be slow to report on breaking news.', 'TV news is more immediate, but it can be superficial.', ""Radio news is often a good option for catching up on the day's events, but it can be difficult to find a station that covers the news you're interested in."", 'Online news sources offer a wide range of content, but it can be difficult to find reliable sources.', ""The best way to get your news is to use a variety of sources and to be critical of the information you're consuming."", 'Ask yourself who is providing the information, what their biases are, and whether the information is accurate.']",-1.0,-1.0,-1.0,-1.0,-3.0,0
topic_226__pdftpdstpdtp,"[""Patient: I'm always congested and I can't seem to shake the cough."", 'Doctor: It sounds like you might have a fungal infection.', 'Fungi are a type of microorganism that can cause a variety of diseases in humans.', 'They can live in the environment, on our skin, and even in our bodies.', 'Patient: What kind of fungi could be causing my symptoms?', 'Doctor: There are many different types of fungi that can cause infections in humans.', 'Some of the most common include Aspergillus, Candida, and Cryptococcus.', 'These fungi can enter the body through the nose or mouth and travel to the upper respiratory tract.', 'Patient: How are these fungi treated?', 'Doctor: Fungal infections are treated with antifungal medications.', 'The type of medication and the length of treatment will depend on the type of fungus causing the infection.', ""Patient: I'm glad to hear that there's a treatment for this. I'm tired of feeling so sick.""]",-1.0,-1.0,-1.0,-1.0,-3.0,0
topic_229__dotttttt,"['During World War II, the Allies and Axis powers used a variety of aircraft to achieve air superiority.', ""One of the most important factors in determining the outcome of a battle was the accuracy of the aircraft's bombing."", 'The height at which an aircraft could fly was also a critical factor, as it determined how far it could travel and how much weight it could carry.', 'The United States developed a number of high-altitude bombers during the war, including the B-17 Flying Fortress and the B-29 Superfortress.', 'These aircraft were able to fly at altitudes of over 30,000 feet, which made them difficult for enemy fighters to intercept.', 'They also carried a large payload of bombs, which could be used to attack targets deep behind enemy lines.', 'The German Luftwaffe also developed a number of high-altitude bombers, including the Heinkel He 177 Greif and the Messerschmitt Me 264 Amerika Bomber.', 'These aircraft were not as successful as their American counterparts, however, due to a number of technical problems.']",-1.0,-1.0,-1.0,-1.0,-3.0,0
topic_232__fydeggp,"['Face and Body Care', ""Your skin is your largest organ, and it's important to take care of it both inside and out. Here are some tips for healthy skin:"", '* Drink plenty of water: Water is essential for healthy skin, as it helps to keep your skin hydrated and soft. Aim to drink eight glasses of water per day.', ""* Eat a healthy diet: Eating a healthy diet rich in fruits, vegetables, and whole grains can help to improve your skin's appearance."", '* Get regular exercise: Exercise can help to improve your circulation and promote healthy skin. Aim for at least 30 minutes of moderate-intensity exercise most days of the week.', ""* Get enough sleep: When you don't get enough sleep, your body produces more of the stress hormone cortisol, which can lead to inflammation and skin problems. Aim for 7-8 hours of sleep per night."", ""* Protect your skin from the sun: The sun's UV rays can damage your skin and lead to premature aging, wrinkles, and skin cancer.""]",-1.0,-1.0,-1.0,-1.0,-3.0,0
topic_236__hniytiealwiwatia,"['Hey dude, have you heard about environmentalism?', ""Nah, what's that?"", ""It's all about protecting the environment and making sure we don't do anything to hurt it."", 'You know, like recycling, using less energy, and driving less.', 'That sounds like a good idea.', 'I mean, we need to take care of our planet, right?', 'Exactly!', 'And there are a lot of easy things we can do to make a difference.', 'Like what?', 'Well, we can start by recycling more.', ""It's so easy to do, and it makes a big difference."", ""We can also turn off lights when we leave a room, and unplug appliances when we're not using them."", 'And we can walk or bike instead of driving whenever possible.', 'Those are all great ideas!', ""I'm going to start doing them right away."", 'Awesome!']",-1.0,-1.0,-1.0,-1.0,-3.0,0
topic_239__aiatscmpaw,"['## Architecture Architecture is the art and science of designing buildings and other structures.', 'It involves not only the aesthetics of a building, but also its functionality, durability, and sustainability.', 'Architects must consider a variety of factors when designing a building, including the needs of the people who will use it, the climate in which it will be located, and the materials that will be used.', 'There are many different styles of architecture, each with its own unique characteristics.', 'Some of the most popular styles include classical, modern, and post-modern architecture.', 'Classical architecture is characterized by its symmetry, proportion, and use of traditional materials such as stone and brick.', 'Modern architecture is more minimalist and often uses new materials such as glass and steel.', 'Post-modern architecture is a reaction to both classical and modern architecture, and often features elements of both styles.', 'Architecture is a vital part of our built environment, and it can have a significant impact on our lives.', 'Well-designed buildings can make us feel more comfortable, productive, and safe.']",-1.0,-1.0,-1.0,-1.0,-3.0,0
topic_23__tisttiai,"['The history of space technology is a relatively short one, but it has already had a profound impact on our world.', 'In the 1950s, the United States and the Soviet Union launched the first artificial satellites into orbit, ushering in a new era of space exploration.', 'Since then, we have sent humans to the Moon, built space stations, and launched countless satellites into orbit.', 'These achievements have not only led to new scientific discoveries, but they have also made our world more interconnected and has given us a new perspective on our place in the universe.', 'Today, space technology is used for a wide variety of purposes, including telecommunications, navigation, weather forecasting, and Earth observation.', ""It is also used to launch satellites into orbit, which are used for a variety of purposes, such as providing global positioning systems (GPS), transmitting television signals, and collecting data about the Earth's environment."", 'As space technology continues to develop, it is likely to play an even greater role in our lives.', 'In the future, we may see humans colonizing Mars, mining asteroids for resources, and using space-based solar power to generate electricity.']",-1.0,-1.0,-1.0,-1.0,-3.0,0
topic_246__awttatwtiw,"['A seed is a small, dormant plant embryo that is capable of developing into a new plant under the right conditions.', 'When a seed sprouts, it begins to grow roots and shoots.', 'The roots anchor the plant in the soil and absorb water and nutrients from the ground.', 'The shoots grow upwards towards the sun, and the leaves begin to photosynthesize, producing food for the plant.', 'As the plant grows, it develops a stem, leaves, flowers, and fruit.', 'The flowers produce seeds, which are dispersed by wind, water, or animals.', 'When a seed lands in a suitable location, it can germinate and begin the process of growth all over again.', 'The process of seed germination is a marvel of nature.', 'It is a testament to the power of life and the resilience of the natural world.', 'When a seed sprouts, it is a sign of hope and new beginnings.']",-1.0,-1.0,-1.0,-1.0,-3.0,0
topic_253__tiotttitt,"['The beautiful thing about collective organizations is that they can pull together the power of thousands of workers to fight for their common interests.', 'In South Africa, trade unions have a long history of fighting for better wages, working conditions, and benefits for workers.', 'One of the most famous examples of this is the 1973 Durban strikes, in which thousands of workers from across the city walked off the job in protest of low wages and poor working conditions.', 'The strikes lasted for over a month and eventually led to the government increasing the minimum wage and improving working conditions for workers across the country.', 'Trade unions are not just about fighting for better wages and working conditions.', 'They are also about building solidarity between workers and fighting for social justice.', 'In South Africa, trade unions have played a leading role in the fight against apartheid and for a more democratic and just society.', 'They have also been at the forefront of the fight against poverty, inequality, and racism.', 'Trade unions are a beautiful thing because they bring people together to fight for a common cause.']",-1.0,-1.0,-1.0,-1.0,-3.0,0
topic_269__otvootyayasoty,"['Open-air markets are a popular attraction in many cities and towns.', 'They offer a variety of goods and services, from fresh produce to handmade crafts.', 'Visitors can find a bargain on everything from clothes to souvenirs.', 'Open-air markets are also a great place to people-watch and enjoy the local culture.', 'One of the best things about open-air markets is the atmosphere.', ""They're usually bustling with activity, and there's always something to see and do."", ""You'll hear the sound of vendors calling out to customers, the smell of fresh-baked bread and pastries, and the sight of people haggling over prices."", 'Another advantage of open-air markets is the variety of goods and services available.', 'You can find everything from fresh produce to handmade crafts.', ""And because the vendors are independent businesses, they're often willing to negotiate prices."", ""So if you're looking for a bargain, an open-air market is the place to be."", 'Of course, no discussion of open-air markets would be complete without mentioning the food.', 'These markets are a great place to sample local cuisine.', ""You'll find everything from grilled meats to fresh seafood to traditional desserts.""]",-1.0,-1.0,-1.0,-1.0,-3.0,0
topic_273__miggtowtw,"['Music has always played an important role in religion, from the chanting of monks in ancient temples to the soaring hymns of modern gospel choirs.', 'It can be used to create a sense of community, to inspire devotion, and to bring people closer to God.', 'Gospel music is a particularly powerful form of religious music, combining elements of blues, jazz, and spirituals to create a unique sound that is both uplifting and soulful.', 'Gospel music has its roots in the African-American church, and it has been used for centuries to spread the message of Christianity.', 'Today, gospel music is enjoyed by people of all races and religions, and it continues to be a powerful force for good in the world.', 'One of the most striking things about gospel music is its ability to bring people together.', ""Whether it's a small church congregation or a large stadium full of fans, gospel music has a way of creating a sense of community and fellowship."", ""This is because gospel music is not just about singing and dancing; it's about expressing one's faith and emotions."", 'When people come together to sing gospel music, they are not only sharing their love of music, they are also sharing their love of God.']",-1.0,-1.0,-1.0,-1.0,-3.0,0
topic_276__aatiitsiai,"[""A good mattress is essential for getting a good night's sleep."", 'A comfortable mattress can help to relieve pain, improve sleep quality, and boost your mood.', 'The first mattresses were developed in ancient Egypt, where they were made from straw, reeds, and other natural materials.', 'In the Middle Ages, mattresses were made from wool, feathers, and other animal products.', 'In the 19th century, mattresses began to be made from springs and other metal components.', 'The type of mattress that is best for you depends on your individual needs and preferences.', 'Some people prefer a firm mattress, while others prefer a soft mattress.', 'It is important to find a mattress that provides you with the support you need and that is comfortable for you to sleep on.', 'A good mattress can help to protect you from serious health problems, such as back pain, neck pain, and headaches.', ""It can also help you to get a better night's sleep, which can improve your mood, your energy levels, and your overall health.""]",-1.0,-1.0,-1.0,-1.0,-3.0,0
topic_277__piatotihapw,"['Poetry is a universal language that transcends time and place.', 'It can be used to express emotions, tell stories, and explore complex ideas.', 'As a translator, I have the privilege of helping to bring poetry to new audiences by rendering it in another language.', 'This is a challenging but rewarding task, as I must not only convey the literal meaning of the poem, but also its beauty and power.', 'One of the most important things to consider when translating poetry is the rhythm and meter.', ""These elements are essential to the poem's overall effect, and they can be difficult to reproduce in another language."", 'In some cases, I may need to adjust the rhythm or meter slightly in order to make the poem flow more naturally in the target language.', ""However, I always take care to preserve the poem's original meaning and intent."", 'Another important consideration is the use of figurative language.', 'Poets often use metaphors, similes, and other figures of speech to create vivid imagery and add depth to their work.', 'When translating these devices, I must find equivalents in the target language that will have the same impact on the reader.']",-1.0,-1.0,-1.0,-1.0,-3.0,0
topic_278__ithwrtwhhhm,"['Islam is a religion that emphasizes surrender to the will of God.', 'This concept of surrender, or ""Islam"" in Arabic, is often misunderstood as meaning submission or defeat.', 'However, in Islam, surrender is actually seen as a positive act, a way to achieve peace and happiness.', 'When a Muslim surrenders to God, they are not giving up their own free will.', 'Rather, they are acknowledging that God is the one who has the power to control all things, and that by surrendering to His will, they are actually finding true freedom.', 'This concept of surrender is beautifully illustrated in the story of the Prophet Muhammad.', 'When Muhammad was first called to be a prophet, he was very afraid.', ""He didn't want to be responsible for spreading God's message."", ""However, after much prayer and reflection, Muhammad eventually surrendered to God's will."", 'He realized that it was not his own strength that would allow him to succeed, but the strength of God.', ""Muhammad's story is a reminder that surrender is not about giving up.""]",-1.0,-1.0,-1.0,-1.0,-3.0,0
topic_279__ittfwswtwhfp,"['In the past, we were limited to sharing information with people we knew or with people who were interested in the same things we were.', 'Today, social media allows us to connect with people from all over the world and share information with a wider audience than ever before.', 'This has had a number of positive effects.', 'First, social media has made it easier for people to stay informed about current events.', 'We can now follow news organizations, politicians, and other experts on social media and get updates on breaking news as it happens.', 'Second, social media has made it easier for people to connect with others who share their interests.', 'We can find groups and communities on social media that are dedicated to our hobbies, our professions, and our causes.', 'Third, social media has made it easier for people to share their own experiences and stories.', 'We can use social media to share our thoughts, our feelings, and our creative work with the world.', 'However, social media has also had some negative effects on information sharing.', 'First, social media can be a source of misinformation and disinformation.', 'People can spread false or misleading information on social media without any repercussions.']",-1.0,-1.0,-1.0,-1.0,-3.0,0
topic_280__ditifttdttt,"['Droughts and crop failure can have a devastating impact on food security, livelihoods, and the economy.', 'In recent years, the world has experienced a number of severe droughts, which have led to crop failures and food shortages.', 'These droughts have caused widespread fear and anxiety, as people worry about how they will feed their families.', 'In some cases, governments have been forced to take drastic measures to address the impact of droughts.', 'For example, in 2011, the government of Ethiopia declared a state of emergency in response to a severe drought that had caused widespread crop failure.', 'The government provided emergency food aid to millions of people, and it also implemented a number of measures to help farmers cope with the drought.', 'These measures included providing seeds and fertilizers, and building irrigation canals.', ""Despite these measures, the drought had a devastating impact on the country's economy."", 'The agricultural sector was severely affected, and many farmers were forced to abandon their land.', 'The drought also led to a sharp increase in food prices, which made it difficult for many people to afford food.', 'The impact of droughts and crop failure is not limited to the countries that are directly affected.']",-1.0,-1.0,-1.0,-1.0,-3.0,0
topic_289__twitahcwewe,"['The internet has become an integral part of our lives.', 'We use it to stay connected with friends and family, to learn new things, to be entertained, and to conduct business.', 'In fact, the internet has become so important that we now share more than 3 billion pieces of content every week.', 'This includes everything from photos and videos to news articles and blog posts.', 'Additionally, the internet has made it possible for people to connect with others from all over the world, which has led to a greater understanding of different cultures and perspectives.', 'Here are some of the ways that the internet has changed our lives:', '* Communication: The internet has made it easier for us to stay connected with friends and family who live far away.', 'We can now communicate with them instantly via email, text message, or video chat.', '* Education: The internet has made it possible for us to learn about anything we want, whenever we want.', 'We can access educational resources from all over the world, and we can even take online courses from top universities.', '* Entertainment: The internet has given us access to a vast amount of entertainment options.']",-1.0,-1.0,-1.0,-1.0,-3.0,0
topic_293__ddtcf,"['Dolls and doll accessories are a popular way for children to play and learn.', 'Dolls can represent people, animals, or even imaginary creatures.', 'They can be dressed up in different clothes, given different furniture to play with, and placed in different settings.', 'Children can use dolls to act out stories, explore different roles, and learn about the world around them.', 'For example, a child might use a doll to pretend to be a doctor, a teacher, or a firefighter.']",-1.0,-1.0,-1.0,-1.0,-3.0,0
topic_295__gihtowftatiay,"[""Getting your driver's license is a rite of passage for many teenagers."", 'It signifies a new level of freedom and independence.', 'However, getting behind the wheel of a car for the first time can also be daunting.', 'There are so many things to think about, from the rules of the road to the different types of vehicles.', 'One of the biggest challenges of learning to drive is dealing with the different road conditions.', ""When you're first starting out, it's important to be aware of the different factors that can affect your driving, such as the weather, the time of day, and the amount of traffic."", 'For example, driving in the rain is much different than driving on a sunny day.', 'The roads are slicker and visibility is reduced, so you need to be more careful and slow down.', 'Another challenge of learning to drive is shifting gears.', 'This can be especially difficult for people who have never driven a manual transmission before.', 'It takes practice to get the hang of it, but once you do, it will become second nature.', ""As you get more comfortable driving, you'll start to feel closer to your car."", ""You'll develop a better understanding of how it handles and how to control it.""]",-1.0,-1.0,-1.0,-1.0,-3.0,0
topic_297__ihittttht,"[""It's important to remember that dog attacks are rare, and that most dogs are well-behaved and loving creatures."", 'However, there are certain circumstances that can increase the risk of a dog attack, such as if the dog is not properly trained, if it is feeling threatened, or if it is in a confined space.', ""In the case of the recent dog attack in which a grandmother was killed, it appears that the dog was not properly trained and that it was feeling threatened by the grandmother's presence."", 'The dog was a large, powerful breed that had been adopted from a shelter just a few months before the attack.', 'The grandmother had been visiting her son and his family, and she was sitting on the couch when the dog suddenly attacked her.', 'The dog bit her multiple times on the head and neck, and she died at the scene.', ""The dog's owner has said that he was unaware of any history of aggression in the dog, and that he believes the attack was triggered by the grandmother's sudden movement."", 'However, it is important to note that even well-trained dogs can become aggressive if they are not properly socialized or if they are feeling threatened.', 'This tragic incident highlights the importance of responsible dog ownership.']",-1.0,-1.0,-1.0,-1.0,-3.0,0
topic_298__ibowtattfifot,"[""It's an opportunity to help those in need and make a difference in the world."", 'But sometimes, charity can have unexpected consequences.', 'One of the most common unintended consequences of charity is that it can create a dependency on the giver.', 'When people are given help without having to work for it, they can start to expect that help to continue.', 'This can lead to a lack of motivation and a sense of entitlement.', 'Another unintended consequence of charity is that it can create a divide between the giver and the receiver.', 'The giver may feel superior to the receiver, while the receiver may feel inferior or ashamed.', 'This can make it difficult for both parties to build a relationship based on mutual respect.', 'Finally, charity can sometimes do more harm than good.', 'If the help that is given is not appropriate or if it is not given in a way that is respectful, it can actually make the situation worse.', 'For example, giving food to a homeless person without also providing them with shelter or job training may only enable their homelessness.', 'Of course, these are just a few of the unintended consequences of charity.', 'There are many other ways that charity can backfire.']",-1.0,-1.0,-1.0,-1.0,-3.0,0
topic_301__otothttts,"['Oil and gas are fossil fuels that are derived from the remains of ancient plants and animals.', 'These fuels are found in sedimentary rocks and are composed primarily of hydrocarbons, which are compounds that contain hydrogen and carbon.', 'Oil and gas are used to generate electricity, power vehicles, and heat homes and businesses.', 'The global demand for oil and gas is growing rapidly, and this has led to increased exploration and production activities.', 'However, the extraction of oil and gas can have a negative impact on the environment, including air pollution, water contamination, and land degradation.', 'There are a number of alternative energy sources that are being developed, such as solar, wind, and nuclear power.', 'These sources of energy do not produce greenhouse gases, and they are therefore considered to be more environmentally friendly than oil and gas.', 'The future of oil and gas is uncertain.', 'Some experts believe that the world will eventually run out of these resources, while others believe that new technologies will be developed to extract oil and gas from previously inaccessible sources.']",-1.0,-1.0,-1.0,-1.0,-3.0,0
topic_307__dititditttw,"['Drunk driving is a serious problem that affects people from all walks of life.', 'It is estimated that over 10,000 people are killed in drunk driving accidents each year in the United States alone.', 'The effects of drunk driving are far-reaching and devastating, not only for the individual who is killed or injured, but also for their families and friends.', 'In addition to the human toll, drunk driving also has a significant economic impact.', 'The National Highway Traffic Safety Administration estimates that drunk driving costs the United States over $44 billion each year in medical expenses, lost productivity, and property damage.', 'Despite the clear dangers of drunk driving, it continues to be a problem.', 'In 2018, 30% of drivers who were killed in motor vehicle crashes had a blood alcohol concentration (BAC) of 0.08 or higher.', 'This means that they were legally drunk.', 'There are a number of things that can be done to address the problem of drunk driving.', 'These include stricter enforcement of drunk driving laws, public awareness campaigns, and education programs.', 'We all have a role to play in preventing drunk driving.']",-1.0,-1.0,-1.0,-1.0,-3.0,0
topic_327__aahahaha,"['Ambedkar Jayanti is a day of celebration in India and other countries around the world to honor the memory of Dr. Bhimrao Ramji Ambedkar, a social reformer, jurist, and political leader who was a key figure in the Indian independence movement and the architect of the Constitution of India.', 'Ambedkar was born into a Dalit family, a group of people who were considered to be untouchables in the caste system of India.', 'He faced discrimination and hardship throughout his life, but he never gave up on his dream of equality for all Indians.', 'Ambedkar was a brilliant student and went on to earn a doctorate in law from Columbia University in the United States.', 'He also studied at the London School of Economics and became a barrister.', 'After returning to India, Ambedkar became a leading figure in the Indian independence movement.', 'He was a member of the Indian National Congress, but he eventually broke away from the party and formed his own political organization, the Scheduled Castes Federation.', 'Ambedkar was also a key figure in the drafting of the Constitution of India.']",-1.0,-1.0,-1.0,-1.0,-3.0,0
topic_328__atattttntfau,"['A friend in need is a friend indeed.', 'This is a phrase that has been used for centuries to describe the importance of having someone to rely on when times are tough.', 'A true friend is someone who is there for you through thick and thin, no matter what.', 'They are someone who you can trust with your secrets and who will always be there to support you.', 'There are many different ways that a friend can help you in need.', 'They may offer emotional support, financial assistance, or practical help.', 'They may simply be there to listen to you vent or to offer a shoulder to cry on.', 'No matter what you are going through, a true friend will be there for you.', 'The extent to which a friend will help you in need can vary depending on the situation.', 'For example, a friend may be willing to lend you money if you are struggling financially, but they may not be willing to give you their car if you need to borrow one.', 'A friend may be willing to listen to you vent about your problems, but they may not be willing to offer advice.', 'Ultimately, the extent to which a friend will help you is up to them.']",-1.0,-1.0,-1.0,-1.0,-3.0,0
topic_333__tiatataitoaas,"['The reality of acid rain is a four-letter word: ouch.', ""It's a serious problem that's harming forests, lakes, and even people."", 'Acid rain is caused when chemicals like sulfur dioxide and nitrogen oxide are released into the air by power plants, factories, and cars.', 'These chemicals react with water in the atmosphere to form acids, which then fall to the ground in rain, snow, or fog.', 'Acid rain can damage trees by making their leaves more acidic.', 'This can cause the leaves to turn yellow and fall off, which can weaken the tree and make it more susceptible to disease.', 'Acid rain can also kill fish and other aquatic life by making the water too acidic.', ""In addition, acid rain can damage buildings and statues by corroding the materials they're made of."", 'There are a number of things that can be done to reduce acid rain.', 'One is to switch to cleaner energy sources, such as solar and wind power.', 'Another is to install pollution controls on factories and power plants.', 'And finally, we can all do our part by driving less, recycling more, and using energy more efficiently.', 'So the next time you see a rainstorm, think about acid rain.']",-1.0,-1.0,-1.0,-1.0,-3.0,0
topic_335__aitahahtmrhip,"[""Addiction is a complex condition that can have a devastating impact on a person's life."", 'It is characterized by a compulsive need to engage in a behavior or substance despite negative consequences.', 'There are many different types of addiction, including drug addiction, alcohol addiction, gambling addiction, and sex addiction.', 'Addiction can develop in anyone, regardless of age, race, gender, or socioeconomic status.', ""However, there are certain factors that can increase a person's risk of addiction, such as genetics, mental health problems, and environmental factors."", 'Addiction is a chronic disease, and there is no cure.', 'However, there are effective treatments available that can help people to overcome their addiction and live healthy, productive lives.', 'The most effective treatment for addiction is a combination of medication and therapy.', 'Medication can help to reduce cravings and symptoms of withdrawal, while therapy can help people to address the underlying issues that led to their addiction.', 'Recovery from addiction is a lifelong process, and there will be times when people struggle.', 'However, with the right support, it is possible to overcome addiction and achieve a healthy, happy life.', 'If you or someone you know is struggling with addiction, there is help available.', 'Please reach out to a professional for help.']",-1.0,-1.0,-1.0,-1.0,-3.0,0
topic_337__aitttowtitoii,"['Afforestation is the process of planting trees on land that was previously not forested.', 'It can be done for a variety of reasons, such as to provide timber, to improve soil quality, or to create a habitat for wildlife.', 'There are many benefits to afforestation.', 'Trees help to clean the air and water, they provide shade and shelter, and they can help to prevent soil erosion.', 'They can also help to improve the climate by absorbing carbon dioxide.', 'One of the benefits of afforestation that I have experienced firsthand is the reduction in noise pollution.', 'When I walk through a wooded area, I can hear the birds singing and the wind rustling through the leaves.', 'This is a very calming and peaceful experience, and it is something that I would not be able to enjoy if there were no trees.', 'In addition to the benefits that I have mentioned, afforestation can also help to improve the economy.', 'Trees can create jobs in the forestry industry, and they can also help to attract tourists to an area.', 'Overall, afforestation is a very beneficial practice.', 'It has many environmental, economic, and social benefits.', 'If you are interested in learning more about afforestation, I encourage you to do some research on the topic.']",-1.0,-1.0,-1.0,-1.0,-3.0,0
topic_338__iftttwtmttdttd,"['In the early 20th century, agriculture was a major industry in the United States.', 'Farmers grew a variety of crops, including wheat, corn, and soybeans.', 'They also raised livestock, such as cattle, pigs, and chickens.', 'The dust bowl was a period of severe drought and dust storms that occurred in the Great Plains region of the United States during the 1930s.', 'The drought caused the soil to dry out and become loose.', 'When the wind blew, the dust would pick up and form large dust storms.', 'These storms could be very destructive, and they could damage crops and homes.', 'Many farmers in the dust bowl lost their farms because of the drought and the dust storms.', 'They were forced to move to other parts of the country in search of work.', 'The dust bowl was a devastating event that had a major impact on the lives of millions of people.', 'Despite the challenges of the dust bowl, many farmers continued to work hard to grow crops and raise livestock.', 'They often worked long hours in difficult conditions.', 'They also had to deal with the challenges of pests and diseases.', 'Despite the challenges, many farmers were able to succeed in agriculture.']",-1.0,-1.0,-1.0,-1.0,-3.0,0
topic_33__giiopitwhwootiii,"['Getting lost at sea is a terrifying experience that can quickly lead to death if not properly prepared for.', 'In a single moment, you can find yourself surrounded by vast expanses of water and no land in sight.', 'It is important to remember that even if you are lost at sea, there are still things you can do to increase your chances of survival.', 'One of the most important things to do is to stay calm.', 'Panicking will only make things worse.', 'Instead, take a deep breath and focus on what you need to do to survive.', 'The next step is to assess your situation.', 'Where are you?', 'How far are you from land?', 'What resources do you have available?', ""Once you know what you're dealing with, you can start to make a plan."", 'One of the most important things to do is to signal for help.', 'This can be done by using a variety of methods, such as flares, a mirror, or a signal fire.', 'If you have a radio, you can also try to contact a passing ship or aircraft.', 'It is also important to stay hydrated and fed.', 'If you have any food or water, ration it carefully.']",-1.0,-1.0,-1.0,-1.0,-3.0,0
topic_340__aheehitehe,"['Albert Einstein was a German-born theoretical physicist who developed the theory of relativity, one of the two pillars of modern physics (alongside quantum mechanics).', 'His work is also known for its influence on the philosophy of science.', 'Einstein is best known in popular culture for his mass–energy equivalence formula E = mc2 (which has been dubbed ""the world\'s most famous equation"").', 'Einstein was born in Ulm, in the Kingdom of Württemberg, German Empire, on 14 March 1879.', 'He showed an early aptitude for mathematics and physics.', 'In 1905, at the age of 26, Einstein published four groundbreaking papers that transformed physics.', 'These include his special relativity theory, which introduced the concepts of space and time as a single unified continuum, and his general relativity theory, which proposed that gravity is not a force, but is instead a curvature of spacetime.', ""Einstein's work led to a new understanding of the universe, and had a profound impact on the development of modern physics."", 'He received the Nobel Prize in Physics in 1921 for his explanation of the photoelectric effect.', 'Einstein was a pacifist and a strong advocate for social justice.']",-1.0,-1.0,-1.0,-1.0,-3.0,0
topic_342__mwaiocssoiimsi,"['My family has always kept animals.', 'When I was a child, we had a dog, a cat, and a few fish.', 'As I got older, we added a few more animals to the mix, including a rabbit, a guinea pig, and a hamster.', 'I loved taking care of all of our animals and learning about their different needs.', 'One of my favorite animals that we ever kept was a rabbit named Cocoa.', 'Cocoa was a brown and white Holland Lop rabbit.', ""She was the sweetest animal I've ever met and she loved to be cuddled."", 'She was also very smart and could learn tricks like sit, stay, and come.', 'One day, I was playing with Cocoa in the backyard when I noticed that she was chewing on something.', 'I went over to investigate and saw that she was chewing on a piece of fiber from one of our clothes.', 'I took the fiber away from her and showed it to my mom.', 'My mom explained that rabbits need to eat fiber in order to digest their food properly.', 'She said that we should give Cocoa some hay to eat, which is a good source of fiber.', 'I gave Cocoa some hay and she loved it!']",-1.0,-1.0,-1.0,-1.0,-3.0,0
topic_344__aitotyithduakp,"['Art is a fragile thing.', 'It can be damaged by light, heat, humidity, and even the slightest touch.', ""That's why it's important to take care of art, especially if you're a collector."", 'One of the most important things you can do to care for art is to keep it in a controlled environment.', 'This means keeping the temperature and humidity at a constant level, and protecting the art from direct sunlight.', ""You should also avoid exposing art to dust and dirt, and make sure it's not hung too close to a heat source."", 'If you have any questions about how to care for your art, you should consult with a professional conservator.', ""They can help you create a care plan that's specific to your collection."", 'Here are a few additional tips for caring for art:', ""* Don't touch the art with your bare hands."", 'Use gloves or tissue paper to handle it.', '* Avoid hanging art in direct sunlight.', '* Keep art away from heat sources, such as fireplaces and radiators.', '* Protect art from dust and dirt by dusting it regularly with a soft brush.']",-1.0,-1.0,-1.0,-1.0,-3.0,0
topic_345__siifommtaiibli,"['Son, have you heard of artificial intelligence?', ""It's a type of computer program that can learn and think for itself."", ""It's still in its early stages, but it has the potential to revolutionize many industries."", 'For example, artificial intelligence is already being used to develop self-driving cars, medical diagnosis tools, and even customer service chatbots.', 'One of the most important components of artificial intelligence is machine learning.', 'Machine learning is a type of artificial intelligence that allows computers to learn without being explicitly programmed.', 'Machine learning algorithms are able to identify patterns in data and make predictions based on those patterns.', 'This makes them ideal for tasks like spam filtering, fraud detection, and image recognition.', 'As artificial intelligence continues to develop, it will have a major impact on our lives.', 'It will make our world more efficient, more productive, and more personalized.', 'It will also create new jobs and opportunities.', ""But it's important to remember that artificial intelligence is just a tool."", 'Like any tool, it can be used for good or for evil.', ""It's up to us to decide how we use artificial intelligence to make the world a better place.""]",-1.0,-1.0,-1.0,-1.0,-3.0,0
topic_347__bibtoeatbcattiit,"['Balance is the ability to maintain equilibrium.', 'It is essential for all living things, as it allows them to stay upright and move without falling over.', 'Balance is also important for coordination and motor skills.', 'There are many ways to improve balance.', 'One way is to exercise regularly.', 'Exercise helps to strengthen the muscles and joints that are involved in balance, and it also helps to improve coordination.', 'Another way to improve balance is to practice yoga or tai chi.', 'These exercises focus on body awareness and coordination, and they can help to improve balance in a gentle and effective way.', 'Balance is important for people of all ages.', 'Children need good balance in order to learn to walk and run.', 'Adults need good balance to avoid falls, which can be a serious health risk.', 'The elderly are especially at risk for falls, and balance exercises can help to reduce their risk.', 'There are many benefits to having good balance.', 'Improved balance can help to reduce the risk of falls, it can improve coordination and motor skills, and it can also help to prevent injuries.', 'If you want to improve your balance, there are many exercises and activities that you can do.', 'Talk to your doctor or a physical therapist to learn more about how to improve your balance.']",-1.0,-1.0,-1.0,-1.0,-3.0,0
topic_34__viclsiititlw,"['""Violence is never the answer,"" my mother used to say ""It only creates more problems and doesn\'t solve anything.', ""If you're angry, take a deep breath and walk away."", ""Calm down and then try to talk to the person you're angry with."", 'Listening to each other is the best way to resolve conflict and come to an understanding"" I learned a lot from my mother about how to deal with conflict and how to build strong relationships with my family and friends.', 'She taught me the importance of communication, respect, and love.', ""I'm grateful for the lessons she taught me, and I try to pass them on to my own children."", 'I know that parenting is not easy.', ""There will be times when you feel frustrated and angry, but it's important to remember that violence is never the answer."", ""If you're feeling overwhelmed, take a break and calm down."", 'Then, try to talk to your child from a place of love and understanding.', 'Listening to your child is one of the most important things you can do to build a strong relationship with them.', ""When you listen to your child, you're showing them that you respect them and that you value their opinion.""]",-1.0,-1.0,-1.0,-1.0,-3.0,0
topic_352__tfaeocctctuios,"['The ocean is a vast and mysterious place, home to all sorts of creatures.', 'From the smallest plankton to the largest whales, the ocean is teeming with life.', 'And no two places in the ocean are the same.', 'Each ocean ecosystem has its own unique set of plants and animals, adapted to the specific conditions of its environment.', 'One of the most biodiverse places on Earth is the coral reef.', 'Coral reefs are found in warm, shallow waters around the world, and they are home to a wide variety of creatures.', 'Coral reefs are made up of tiny animals called coral polyps.', 'These polyps secrete a hard, calcium carbonate skeleton, which builds up over time to form a reef.', 'Coral reefs provide a home for a wide variety of fish, invertebrates, and other marine life.', 'They are also important for tourism and recreation.', 'Unfortunately, coral reefs are under threat from a number of factors, including climate change, pollution, and overfishing.', 'If we do not take action to protect coral reefs, they will be lost forever.', 'One day, a young girl named Michelle was exploring the coral reef near her home.', 'She was looking for shells to add to her collection.']",-1.0,-1.0,-1.0,-1.0,-3.0,0
topic_362__aaiatsioifyat,"['A career is a sequence of related jobs and experiences that span a significant period of time, typically within the same field.', ""A career can be defined by one's occupation, but it is more than just a job."", ""It is also about the person's values, interests, and goals."", 'A career is something that people build over time, and it is often shaped by their experiences and education.', 'There are many different factors to consider when choosing a career.', 'Some of the most important include your interests, skills, values, and goals.', 'It is also important to think about your personality and how it will fit into a particular career.', 'Once you have considered all of these factors, you can start to narrow down your options and research different careers.', 'If you are not sure what you want to do with your life, there are a few things you can do to help you figure it out.', 'First, talk to people who are working in different fields.', 'You can also do some research online or at the library to learn more about different careers.', 'Another option is to take a career assessment test.', 'These tests can help you identify your strengths and weaknesses and match you with careers that might be a good fit for you.']",-1.0,-1.0,-1.0,-1.0,-3.0,0
topic_367__itottosthtaww,"['In the words of William Wordsworth, “The child is the father of the man.”', 'This means that the experiences and relationships we have in childhood shape who we become as adults.', 'Our parents, siblings, and friends teach us about the world and how to interact with it.', 'They also help us develop our values and beliefs.', 'The relationships we form in childhood can have a lasting impact on our emotional well-being and our ability to form healthy relationships in adulthood.', 'Of course, not all childhood experiences are positive.', 'Some children are raised in homes where they experience neglect, abuse, or other forms of trauma.', ""These experiences can have a devastating impact on a child's development."", 'However, even in the most difficult circumstances, children can find ways to overcome their challenges and thrive.', 'The child is the father of the man, but the man is also the father of the child.', 'As we grow older, we have the opportunity to learn from our experiences and to make choices that will help us become the kind of people we want to be.', 'We can choose to be kind, compassionate, and understanding.', 'We can choose to make a difference in the world.']",-1.0,-1.0,-1.0,-1.0,-3.0,0
topic_36__hiththtdcid,"['Horse racing is a popular sport that has been around for centuries.', 'It is a competition between two or more horses that are ridden by jockeys.', 'The goal is to be the first horse to cross the finish line.', 'Horse racing is held at tracks all over the world, and there are many different types of races, including sprints, middle distances, and endurance races.', 'The most famous horse race in the world is the Kentucky Derby, which is held every year at Churchill Downs in Louisville, Kentucky.', 'Horse racing is a multi-billion dollar industry, and it is estimated that over $100 billion is wagered on horse races each year.', 'The sport is also a major source of employment, and it supports jobs in the horse breeding, training, and racing industries.', 'Despite its popularity, horse racing has been criticized for its treatment of animals.', 'Critics argue that horses are forced to race at speeds that are dangerous for them, and that they are often mistreated by their trainers and jockeys.', 'In recent years, there have been a number of efforts to make horse racing more humane, including the introduction of new rules and regulations.', 'Despite the controversy, horse racing remains a popular sport around the world.']",-1.0,-1.0,-1.0,-1.0,-3.0,0
topic_36__ttowshstitt,"['The recent rise of social media has given rise to a new breed of celebrities: the social media influencer.', 'These individuals have amassed large followings on platforms like Twitter, Instagram, and YouTube, and they use their influence to promote products, services, and ideas.', 'One of the most popular social media influencers in the world is Kim Kardashian.', 'With over 200 million followers on Instagram, Kardashian is a powerful force in the fashion, beauty, and lifestyle industries.', ""She has also used her platform to speak out about social issues, such as criminal justice reform and women's rights."", 'However, there is a dark side to the world of social media influencers.', 'Some influencers are paid by foreign governments to spread propaganda and disinformation.', 'This is a serious problem, as it can greatly influence public opinion and undermine democracy.', 'In 2016, it was revealed that Russian trolls used social media to spread propaganda and disinformation during the US presidential election.', 'The trolls created fake accounts and used them to post pro-Trump messages and anti-Hillary Clinton messages.', 'This had a significant impact on the election, as it helped to sway public opinion in favor of Trump.']",-1.0,-1.0,-1.0,-1.0,-3.0,0
topic_370__iiiwwiwwcilbc,"['I love talking about childhood.', ""It's such a special time of life, full of wonder and exploration."", 'I remember when I was a child, I would spend hours playing outside, making up games with my friends.', 'We would build forts in the woods, play hide-and-seek, and ride our bikes all day long.', ""We didn't have any worries or concerns, and we just lived in the moment."", ""I think childhood is so important because it's a time when we learn about ourselves and the world around us."", 'We learn how to interact with others, how to solve problems, and how to deal with our emotions.', 'We also develop our imaginations and creativity.', ""Childhood is a time of growth and development, and it's something that we should all cherish."", 'If you have children, I encourage you to spend as much time with them as possible.', 'Let them explore their world and learn from their mistakes.', 'Be there for them when they need you, and help them to grow into happy, healthy adults.', ""Childhood is a precious time, and it's something that we should all treasure.""]",-1.0,-1.0,-1.0,-1.0,-3.0,0
topic_375__cttfwtswttwtsi,"['Cleanliness is next to godliness.', 'This phrase has been around for centuries, and it is still used today to encourage people to be clean and tidy.', 'There are many reasons why cleanliness is important, both for personal health and for the health of the community.', 'First, being clean helps to prevent the spread of disease.', 'When people are dirty, they can spread germs to others through contact with their hands, clothes, or other objects.', 'This can lead to illnesses such as colds, flu, and even more serious diseases like pneumonia and tuberculosis.', ""Second, cleanliness can help to improve a person's mood and outlook on life."", 'When people feel clean and fresh, they are more likely to be productive and happy.', 'This is because cleanliness can help to boost self-esteem and confidence.', 'Third, cleanliness is important for the community as a whole.', 'When people are clean, they are less likely to litter or pollute the environment.', 'This helps to keep the community healthy and safe for everyone.', 'So, the next time you are feeling lazy about cleaning, remember that cleanliness is next to godliness!', 'It is important for your health, your mood, and the health of the community.']",-1.0,-1.0,-1.0,-1.0,-3.0,0
topic_377__otihtact,"['One of the biggest challenges of college life is managing time.', ""There are so many demands on students' time, from classes and studying to extracurricular activities and social obligations."", 'It can be difficult to find a balance between all of these demands.', 'However, it is important to learn how to manage your time effectively in order to succeed in college.', 'There are a number of different time management techniques that students can use, such as creating a schedule, setting priorities, and breaking down large tasks into smaller ones.', 'Another challenge of college life is managing finances.', 'College is expensive, and students need to be careful about how they spend their money.', 'There are a number of ways to save money in college, such as living off-campus, getting a part-time job, and applying for scholarships and financial aid.']",-1.0,-1.0,-1.0,-1.0,-3.0,0
topic_378__gtsmtt,"[""Global warming is the long-term heating of Earth's climate system observed since the pre-industrial period (between 1850 and 1900) due to human activities, primarily fossil fuel burning, which increases heat-trapping greenhouse gas levels in Earth's atmosphere."", 'The term is frequently used interchangeably with the term climate change, though the latter refers to both human- and naturally produced warming and the effects it has on our planet.', ""Since the pre-industrial period, human activities are estimated to have increased Earth's global average temperature by about 1 degree Celsius (1.8 degrees Fahrenheit), a number that is currently increasing by 0.2 degrees Celsius (0.36 degrees Fahrenheit) per decade."", 'Most of the current warming trend is extremely likely (greater than 95 percent probability) the result of human activity since the 1950s and is proceeding at an unprecedented rate over decades to millennia.', 'The largest human influence on climate change has been the emission of greenhouse gases such as carbon dioxide, methane and nitrous oxide.', 'The primary source of these emissions is from burning fossil fuels for electricity, heat and transportation.']",-1.0,-1.0,-1.0,-1.0,-3.0,0
topic_379__aibbiawbawwbiaba,"[""A: I'm so glad we're having this conversation about conservation of biodiversity."", ""It's so important to protect our planet's natural resources."", 'B: I agree.', 'Biodiversity is essential for the health of our planet.', 'It provides us with food, water, and other resources that we need to survive.', 'A: And it also provides us with beauty and inspiration.', ""When we protect biodiversity, we're protecting the very foundation of life on Earth."", 'B: So what can we do to help?', 'A: There are a lot of things we can do.', 'We can reduce our consumption of resources, recycle and compost, and support sustainable businesses.', 'We can also get involved in local conservation efforts.', ""B: I'm already doing some of those things."", 'I recycle and compost, and I try to buy local produce.', ""A: That's great! Every little bit helps."", ""B: I'd like to do more, though. What else can I do?"", 'A: You could volunteer for a conservation organization, or donate to one.']",-1.0,-1.0,-1.0,-1.0,-3.0,0
topic_380__cnwowwartcb,"['Conservation of natural resources is essential to the survival of humans and all other life on Earth.', 'Natural resources are the materials and energy sources that humans rely on for survival, such as water, air, soil, minerals, and plants.', 'When we conserve natural resources, we are using them wisely and preventing them from being wasted or depleted.', 'One way to conserve natural resources is to reduce our consumption.', 'We can do this by buying less stuff, using less energy, and wasting less water.', 'We can also recycle and compost, which helps to reduce the amount of waste that goes to landfills.', 'Another way to conserve natural resources is to invest in renewable energy sources.', 'Renewable energy sources, such as solar and wind power, do not produce greenhouse gases, which contribute to climate change.', 'They are also a sustainable way to generate electricity, as they do not rely on finite resources like fossil fuels.', 'Conservation of natural resources is important for both the present and the future.', 'By taking steps to conserve now, we can ensure that future generations will have access to the natural resources they need to survive.']",-1.0,-1.0,-1.0,-1.0,-3.0,0
topic_382__cttoitstietmhtwa,"['Coronavirus Symptoms: What You Need to Know', 'The coronavirus, also known as COVID-19, is a respiratory illness that can cause mild to severe symptoms.', 'The most common symptoms of coronavirus include fever, cough, shortness of breath, and sore throat.', 'Other symptoms can include fatigue, muscle aches, headache, and a runny nose.', 'In some cases, coronavirus can also lead to pneumonia, kidney failure, and death.', 'The symptoms of coronavirus can vary depending on the individual.', 'Some people may experience only mild symptoms, while others may experience more severe symptoms.', ""The severity of symptoms is also related to the person's age and underlying health conditions."", 'If you are experiencing any of the symptoms of coronavirus, it is important to see a doctor right away.', 'Early diagnosis and treatment can help to prevent the illness from becoming more serious.', 'There is no cure for coronavirus, but there are treatments that can help to relieve symptoms.', 'Most people who are infected with coronavirus will recover completely.', 'However, some people may experience long-term health problems.', 'The best way to prevent coronavirus is to practice good hygiene and social distancing.', 'Wash your hands frequently with soap and water, and avoid touching your face.', 'Avoid close contact with people who are sick.']",-1.0,-1.0,-1.0,-1.0,-3.0,0
topic_387__cihtitcifsatt,"['Criticism is a necessary evil.', 'It is the process of evaluating and judging the quality of something, and it can be a valuable tool for improving the work of art, literature, music, or other creative endeavor.', 'However, criticism can also be destructive, tearing down what others have created without offering any constructive feedback.', 'The perfect criticism is one that is both fair and helpful.', 'It should be based on sound reasoning and evidence, and it should offer specific suggestions for how to improve the work in question.', 'The perfect critic is someone who is knowledgeable about the subject matter and who is able to articulate their thoughts clearly and concisely.', 'Criticism is a skill that can be learned and improved with practice.', 'If you are interested in becoming a better critic, there are a few things you can do.', 'First, read widely and develop a strong understanding of the different forms of art and literature.', 'Second, learn to think critically about the work you are consuming.', ""Ask yourself questions about the author's purpose, the audience for the work, and the techniques used by the artist."", 'Third, be willing to share your opinions with others, even if they are not popular.', 'The best way to improve your critical skills is to practice them.']",-1.0,-1.0,-1.0,-1.0,-3.0,0
topic_388__aiaaitwwaw,"['Animal cruelty is the intentional infliction of pain, suffering, or death upon an animal.', 'It can take many forms, from physical abuse to neglect.', 'Animals may be beaten, kicked, burned, starved, or even killed for no reason other than human entertainment.', 'Animal cruelty is a serious problem that affects millions of animals every year.', 'It is illegal in most countries, but enforcement is often lax.', 'There are many organizations that work to prevent and stop animal cruelty, but more needs to be done.', 'We can all help to stop animal cruelty by being more aware of the issue and by speaking out against it.', 'We can also choose to buy from businesses that do not support animal cruelty and to support organizations that work to protect animals.', 'Animal cruelty is a terrible thing that happens every day.', 'We can all help to make a difference by speaking out against it and by supporting organizations that work to stop it.']",-1.0,-1.0,-1.0,-1.0,-3.0,0
topic_391__sctctciyy,"['So, you know how hurricanes are huge storms that form over the ocean?', 'Cyclones are the same thing, but they happen in the Indian Ocean and the South Pacific.', ""They're also called typhoons."", 'Cyclones are really powerful storms, and they can cause a lot of damage.', 'They can bring strong winds, heavy rain, and flooding.', 'Cyclones can also cause power outages, and they can make it hard to get around.', ""If you live in an area that's prone to cyclones, it's important to be prepared."", 'You should have a plan for what to do if a cyclone warning is issued.', 'You should also make sure that your home is well-built and that you have a safe place to go if the cyclone hits.']",-1.0,-1.0,-1.0,-1.0,-3.0,0
topic_392__didtsdwydiiit,"['Dance is a form of art that is expressed through movement.', 'It can be performed solo or in groups, and it can be used to tell stories, express emotions, or simply to create a beautiful experience for the audience.', 'Dance has been around for thousands of years, and it has been practiced in every culture on Earth.', 'There are many different types of dance, each with its own unique history and style.', 'Some of the most popular types of dance include ballet, modern dance, hip hop, and tap dance.', 'Dance can be a physical activity, but it is also a mental and emotional one.', 'When you dance, you are using your body to express yourself in a way that words cannot.', 'You are also connecting with the music and the other dancers in a way that can be very powerful.', 'Dance can have many benefits for both the mind and the body.', 'It can improve your cardiovascular health, reduce stress, and increase your self-confidence.', 'It can also be a great way to meet new people and make friends.', 'If you are interested in trying dance, there are many resources available to help you get started.', 'There are classes for all levels of experience, and there are also many books and DVDs that you can use to teach yourself.']",-1.0,-1.0,-1.0,-1.0,-3.0,0
topic_397__iitodwyitmti,"['I have been living with type 1 diabetes for over 20 years.', 'I was diagnosed when I was just 10 years old, and it has been a lifelong journey.', 'There have been many challenges along the way, but I have also learned a lot about myself and what it means to be a strong, resilient person.', 'One of the biggest challenges I have faced is managing my blood sugar levels.', 'Diabetes is a condition that affects the way your body turns food into energy.', 'When you eat, your body breaks down the carbohydrates in your food into glucose, which is then absorbed into your bloodstream.', 'Your pancreas releases insulin, a hormone that helps glucose get from your blood into your cells.', ""In people with type 1 diabetes, the pancreas doesn't make enough insulin, or it doesn't make any at all."", 'This means that people with type 1 diabetes have to take insulin injections to help their bodies use glucose for energy.', 'Managing my blood sugar levels can be a tricky business.', 'There are a lot of factors that can affect my blood sugar, including what I eat, how much I exercise, and how much stress I am under.', 'I have to constantly monitor my blood sugar levels and make adjustments to my insulin doses as needed.']",-1.0,-1.0,-1.0,-1.0,-3.0,0
topic_408__ettetetsst,"['Earthquakes are a natural phenomenon that can cause widespread damage and loss of life.', ""They are caused by the sudden release of energy in the Earth's crust, and can range in size from minor tremors to major catastrophes."", 'The largest earthquakes can cause entire cities to be leveled, and can even trigger tsunamis and other secondary hazards.', 'Earthquakes are a major threat to human life and infrastructure, and can have a devastating impact on economies and societies.', 'There are a number of factors that can contribute to the severity of an earthquake, including the depth of the earthquake, the proximity to population centers, and the type of soil or rock that the earthquake occurs in.', 'Earthquakes can also be triggered by human activity, such as the construction of dams or the injection of fluids into the ground.', 'The scientific study of earthquakes is known as seismology.', 'Seismologists use a variety of tools to study earthquakes, including seismographs, which measure the ground shaking caused by an earthquake.', 'Seismologists also use computer models to help them understand the causes and effects of earthquakes.', 'The early warning systems that are used to alert people to impending earthquakes are based on the information that seismologists collect from seismographs.']",-1.0,-1.0,-1.0,-1.0,-3.0,0
topic_40__dittitedcbdf,"['Droughts are a major cause of crop failure, and can have a devastating impact on food security and livelihoods.', 'In 2019, a severe drought in the Horn of Africa left millions of people without food.', 'The drought was caused by a combination of factors, including El Niño and climate change.', 'The drought killed livestock, destroyed crops, and forced people to flee their homes.', 'In some areas, the drought was so severe that it caused famine.', 'The Pacific Ocean is a major driver of global climate patterns.', 'El Niño is a natural climate pattern that occurs every few years.', 'During El Niño, the ocean surface temperature in the Pacific Ocean rises, which can cause droughts in some parts of the world and floods in others.', ""Climate change is also causing the Earth's temperature to rise, which is leading to more extreme weather events, such as droughts."", 'Birds are sensitive to changes in their environment.', 'Droughts can cause a shortage of food and water for birds, which can lead to death or migration.', 'For example, a drought in the western United States in 2021 caused a decline in the population of some bird species, such as the black-throated sparrow.']",-1.0,-1.0,-1.0,-1.0,-3.0,0
topic_412__vottotatf,"['""Voter turnout in the last election was disappointing.', 'Only 55% of eligible voters cast a ballot.', 'This is a problem because it means that the decisions made by our elected officials are not necessarily reflective of the will of the people.', 'There are a number of things that can be done to increase voter turnout.', 'One is to make it easier for people to vote.', 'This could include making Election Day a national holiday, extending early voting hours, and providing more opportunities for people to vote by mail.', 'Another way to increase voter turnout is to make the voting process more engaging.', 'This could include providing more information about the candidates and the issues, and making the voting process more fun and exciting.', 'Finally, we need to address the underlying causes of low voter turnout, such as poverty, lack of education, and disenfranchisement.']",-1.0,-1.0,-1.0,-1.0,-3.0,0
topic_413__ethoaotiatib,"['Elections are a vital part of democracy.', 'They allow citizens to choose their leaders and have a say in how their country is run.', 'However, there are many challenges to holding fair and transparent elections.', 'One challenge is voter suppression, which can take many forms, such as voter ID laws, gerrymandering, and intimidation.', 'Another challenge is misinformation, which can be used to spread false information about candidates or to discourage people from voting.', 'One way to combat these challenges is to make sure that elections are transparent.', 'This means that the process of voting should be open to scrutiny, and there should be mechanisms in place to check for fraud.', 'It also means that the results of elections should be made public quickly and accurately.', 'Another way to combat these challenges is to increase voter participation.', 'This can be done by making it easier to register to vote, providing transportation to polling places, and holding elections on weekends.', 'It is also important to educate voters about the importance of their vote and how to cast it.', 'By addressing these challenges, we can make sure that elections are fair and transparent, and that all citizens have a voice in their government.']",-1.0,-1.0,-1.0,-1.0,-3.0,0
topic_414__eteteteuh,"['Elephants are the largest land animals on Earth and can weigh up to 15,000 pounds.', 'They are herbivores and their diet consists mainly of leaves, bark, and fruit.', 'Elephants have a long trunk that they use for many purposes, including drinking, bathing, and gathering food.', 'They also use their trunks to communicate with each other and to defend themselves from predators.', 'Elephants live in herds and are very social animals.', 'They form strong bonds with each other and care for their young.', 'Elephants are also very intelligent animals and have been known to use tools.', 'Unfortunately, elephants are threatened by habitat loss and poaching.', 'However, there are many conservation efforts underway to protect these amazing animals.']",-1.0,-1.0,-1.0,-1.0,-3.0,0
topic_415__sybfimthfniit,"['""Son, I\'m really proud of you for being so responsible with your energy use.', ""You always turn off the lights when you leave a room, and you unplug appliances when you're not using them."", 'But I think there are a few more things you can do to help conserve energy.', 'First, try to take shorter showers.', 'I know you like to relax in the shower, but a five-minute shower uses a lot less water and energy than a ten-minute shower. Second, cook your food in the microwave instead of the oven whenever possible.', 'Microwaves use a lot less energy than ovens.', 'Third, wash your clothes in cold water instead of hot water.', 'Hot water uses more energy to heat up.', 'Finally, try to open your windows and let in natural light instead of turning on the lights.', ""Natural light is free, and it's good for your health."", 'I know these are just a few small things, but they can make a big difference.', 'If everyone makes an effort to conserve energy, we can help protect the environment and save money.""', '""Thanks, Mom. I\'ll try to do all those things.""']",-1.0,-1.0,-1.0,-1.0,-3.0,0
topic_41__stmiwimwimwtmiwi,"['Scene: A coffee shop in the 1960s.', 'Two young people, a man and a woman, are sitting at a table, talking.', 'Man: I love the music of the hippie movement.', ""It's so free and expressive."", 'Woman: I know, right?', ""It's the perfect soundtrack for the counterculture movement."", 'Man: I especially love the way that the music reflects the social and political changes that were happening at the time.', 'Woman: Yeah, me too.', ""It's like the music was a way for people to express their hopes and dreams for the future."", 'Man: And it was also a way to connect with other people who were feeling the same way.', 'Woman: Exactly.', 'The hippie movement was all about community, and music was a big part of that.', ""Man: I'm so glad that I got to experience the hippie movement."", 'It was a truly special time.', 'Woman: Me too.', 'It was a time of great change and upheaval, but it was also a time of great hope and creativity.']",-1.0,-1.0,-1.0,-1.0,-3.0,0
topic_41__timtsttmoh,"['The hippie movement was a social and cultural phenomenon that emerged in the United States during the 1960s.', 'It was characterized by its rejection of mainstream values and its emphasis on peace, love, and freedom.', 'Music played an important role in the hippie movement, as it helped to create a sense of community and shared identity among its members.', 'The music of the hippie movement was diverse, but it was often characterized by its experimental nature and its focus on spirituality and social change.', 'Some of the most popular hippie bands included the Grateful Dead, Jefferson Airplane, and the Doors.', 'These bands created a new sound that was unlike anything that had come before, and their music helped to inspire the counterculture movement.', 'The hippie movement has had a lasting impact on music, and its influence can still be seen today.', 'Many modern bands continue to draw inspiration from the hippie era, and its values of peace, love, and freedom continue to resonate with people around the world.', 'One of the most important aspects of hippie music was its emphasis on balance.', 'Hippie musicians sought to create music that was both beautiful and meaningful, and they often drew inspiration from a variety of sources, including Eastern philosophy, world music, and psychedelic drugs.']",-1.0,-1.0,-1.0,-1.0,-3.0,0
topic_422__thosihtsass,"['The Ethiopian farmer is a resilient figure who has faced severe drought and famine for years.', 'However, they have shown great resolve in the face of adversity and continue to work hard to provide for their families.', 'One such farmer is Abebech Gidey, who lives in the village of Dengelat.', 'She has been farming for over 20 years and has seen firsthand the effects of the drought.', 'In 2015, her crops failed and she was forced to sell her livestock in order to buy food.', 'However, she did not give up and continued to farm, even though the odds were stacked against her.', ""This year, Abebech's crops are doing well and she is hopeful that she will be able to harvest a good crop."", 'She is also working hard to improve her farming practices and learn new ways to grow crops that are more resistant to drought.', 'Abebech is an inspiration to all Ethiopian farmers.', 'She shows that it is possible to overcome adversity and succeed, even in the most difficult of circumstances.', 'She is a true example of the resolve and determination of the Ethiopian people.']",-1.0,-1.0,-1.0,-1.0,-3.0,0
topic_427__fitftwtttotff,"['Farmer suicides are a serious problem in many parts of the world.', 'In India, for example, an estimated 10,000 farmers kill themselves every year.', 'There are many reasons for this, including debt, crop failure, and lack of government support.', 'Farmers are often under a great deal of pressure to make ends meet.', 'They may have large debts to repay, and they may be at the mercy of the weather and other factors beyond their control.', 'When crops fail, farmers can lose everything they have worked for.', 'They may be unable to pay their debts, and they may be forced to sell their land or livestock.', 'This can lead to a feeling of hopelessness and despair, which can in turn lead to suicide.', 'The government can play a role in helping to prevent farmer suicides.', 'One important step is to provide farmers with access to credit and other financial assistance.', 'The government can also provide farmers with training and education, so that they can learn new ways to farm and increase their productivity.', 'Finally, the government can work to improve the lives of farmers by providing them with better access to healthcare, education, and other social services.', 'Farmer suicides are a tragic problem, but they are one that can be solved.']",-1.0,-1.0,-1.0,-1.0,-3.0,0
topic_428__fititscweddttf,"['Fashion can be defined as a constantly changing style in clothing, footwear, accessories, makeup, hair, and interior design.', ""It is a form of self-expression and can be used to convey a person's personality, mood, and social status."", 'The fashion industry is a multi-billion dollar industry that employs millions of people around the world.', 'It is also a major source of profit for many businesses.', 'The fashion industry is driven by a number of factors, including social media, celebrity culture, and economic conditions.', 'Social media has become a powerful tool for fashion brands to reach new customers and promote their products.', 'Celebrity culture also plays a major role in shaping fashion trends.', 'When celebrities wear a particular item of clothing, it often quickly becomes popular with the general public.', 'Economic conditions can also have a significant impact on the fashion industry.', 'During periods of economic growth, people tend to spend more money on clothing and other fashion items.', 'During periods of economic recession, people tend to spend less money on fashion.', 'The fashion industry has a number of external influences, including the environment, politics, and culture.', 'The environment can affect the fashion industry in a number of ways.', 'For example, environmental pollution can damage the materials used to make clothing.']",-1.0,-1.0,-1.0,-1.0,-3.0,0
topic_42__ohhaithytta,"['One day, a young boy visited a museum with his parents.', 'He was amazed by all the different things he saw, from ancient artifacts to modern art.', 'He especially loved the dinosaur exhibit, and he could have spent hours just looking at the skeletons and fossils.', 'As he was admiring a particularly large dinosaur skull, he heard a voice behind him. ""That\'s a Tyrannosaurus rex,"" the voice said.', '""It was one of the largest and most fearsome predators to ever walk the Earth.""', 'The boy turned around and saw a man standing next to him.', 'He was tall and thin, with a long beard and a kind face. ""Are you a paleontologist?"" the boy asked.', '""Yes, I am,"" the man said. ""I\'ve been studying dinosaurs for many years.""', 'The boy was excited to meet a real paleontologist, and he asked him many questions about dinosaurs.', 'The man answered all of his questions patiently, and the boy learned a lot about these fascinating creatures.', ""After a while, the boy's parents called him over, and he said goodbye to the paleontologist.""]",-1.0,-1.0,-1.0,-1.0,-3.0,0
topic_430__iiiioittfi,"['I was working as a software engineer at a large tech company when I first heard about feminism.', ""I was new to the industry and didn't really know much about it, but I was immediately intrigued."", ""I started doing some research and reading articles about feminism, and I was amazed by how much I didn't know."", 'I had always thought of myself as a feminist, but I realized that I had a lot to learn.', 'One of the things that I learned was that feminism is about more than just equality between men and women.', ""It's also about challenging the systems of power that have been created by men and that benefit men at the expense of women."", 'These systems of power are everywhere, from the workplace to the media to the government.', ""They're the reason that women are paid less than men, that they're underrepresented in leadership positions, and that they're more likely to be victims of violence."", 'Feminism is about fighting against these systems of power and creating a more just and equitable world for all people.', ""It's about creating a world where women are free to live their lives on their own terms, without being held back by sexism or discrimination.""]",-1.0,-1.0,-1.0,-1.0,-3.0,0
topic_431__diaitoyaaift,"['Dear [Name], I hope this letter finds you well.', 'I wanted to take this opportunity to talk to you about financial literacy.', 'As you know, financial literacy is the ability to understand and manage your money.', ""It's important to have financial literacy, no matter what your age or income level."", 'There are many things you can do to improve your financial literacy.', 'One important thing is to learn about different types of financial products and services.', 'You should also learn about how to budget your money and how to save for the future.', 'Another important thing is to make a budget and stick to it.', ""A budget is a plan for how you're going to spend your money each month."", ""It can help you to track your spending and make sure that you're not spending more than you earn."", ""Finally, it's important to save for the future."", 'This means saving for retirement, for a down payment on a house, or for any other major expense that you may have in the future.']",-1.0,-1.0,-1.0,-1.0,-3.0,0
topic_439__tittomdhaghhtt,"['The trials of freedom fighters are often major tests of their endurance and resolve.', 'In the face of overwhelming odds, they must find the strength to continue fighting for what they believe in.', 'Their expectations are often high, as they are fighting for the freedom of their people.', 'They must be willing to sacrifice everything, including their own lives, in order to achieve their goals.', 'One of the most famous freedom fighters in history is Nelson Mandela.', 'Mandela spent 27 years in prison for his fight against apartheid in South Africa.', 'Despite the hardships he faced, he never gave up hope.', 'He emerged from prison as a stronger leader, and eventually led South Africa to a peaceful transition to democracy.', 'Another famous freedom fighter is Mahatma Gandhi.', ""Gandhi led India's independence movement through nonviolent resistance."", 'He believed that violence would only lead to more violence, and that the only way to achieve true freedom was through peaceful means.', 'His methods were successful, and India gained its independence in 1947.', 'The trials of freedom fighters are a reminder of the sacrifices that people are willing to make for their beliefs.', 'Their stories are an inspiration to us all, and they remind us that we should never give up hope, no matter how difficult the odds may seem.']",-1.0,-1.0,-1.0,-1.0,-3.0,0
topic_440__fitfiiigtwwwfw,"['Freedom of the press is the freedom of communication and expression through mediums including printed media and the internet.', 'It is a fundamental human right recognized by Article 19 of the Universal Declaration of Human Rights and reaffirmed in Article 19 of the International Covenant on Civil and Political Rights.', 'The right to freedom of expression is recognized as a necessary precondition for the enjoyment of all other human rights.', 'Freedom of the press is essential for a healthy democracy.', 'It allows citizens to access information and to hold their government accountable.', 'It also helps to ensure that all voices are heard, and that the public is informed about important issues.', 'In recent years, there have been growing threats to freedom of the press around the world.', 'Governments have been using laws to restrict the media, and journalists have been harassed and attacked.', 'These threats are a serious concern, and they need to be addressed.', 'We must all stand up for freedom of the press.', 'We must defend the right of journalists to report the news without fear of reprisal.', 'We must also support independent media outlets, and we must encourage people to read and share news from a variety of sources.', 'Freedom of the press is a precious right.', 'We must all do our part to protect it.']",-1.0,-1.0,-1.0,-1.0,-3.0,0
topic_441__fttttttbtw,"['Fundamental rights are the essential freedoms that all human beings are entitled to, regardless of their race, religion, gender, sexual orientation, or any other status.', 'These rights are enshrined in the Universal Declaration of Human Rights, which was adopted by the United Nations General Assembly in 1948.', 'The declaration sets out a broad range of fundamental rights, including the right to life, liberty, and security of person; the right to freedom of expression, assembly, and association; the right to freedom of religion; and the right to property.', 'These fundamental rights are essential for the protection of human dignity and the promotion of human flourishing.', 'They are the foundation of a just and equitable society, and they are essential for the maintenance of peace and security.', 'The protection of fundamental rights is a never-ending task.', 'There are always those who would seek to deny or undermine these rights, and we must always be vigilant in their defense.', 'But we must never give up hope.', 'The struggle for fundamental rights is a noble one, and it is a struggle that we must never abandon.', 'We must all work together to ensure that the fundamental rights of all people are respected and protected.']",-1.0,-1.0,-1.0,-1.0,-3.0,0
topic_442__aianoftfapttsai,"['A garden is a place of beauty and tranquility.', 'It is a place where one can escape from the hustle and bustle of everyday life.', 'A garden can be as simple as a few flowers in a pot or as elaborate as a full-fledged landscape.', 'No matter how big or small, a garden is a place where one can relax and enjoy the beauty of nature.', 'One of the most common things found in a garden is flowers.', 'Flowers are a symbol of beauty and love.', 'They come in all shapes and sizes, and each one has its own unique meaning.', 'Flowers can be used to decorate a garden, or they can be given as gifts to show love and appreciation.', 'Another common thing found in a garden is plants.', 'Plants are essential for life on Earth.', 'They provide us with food, oxygen, and shelter.', 'There are many different types of plants, each with its own unique properties.', 'Some plants are used for food, while others are used for medicine or decoration.', 'A garden is a place where one can connect with nature and find peace and tranquility.', 'It is a place where one can escape from the hustle and bustle of everyday life and relax.']",-1.0,-1.0,-1.0,-1.0,-3.0,0
topic_445__gitthgitbo,"['Gender Inequality: A Global Problem Gender inequality is a global problem that has far-reaching consequences for women and girls.', 'In many countries, women are denied basic rights such as the right to vote, own property, or work outside the home.', 'They are also more likely to experience violence, poverty, and discrimination.', 'There are many factors that contribute to gender inequality, including cultural norms, religious beliefs, and economic disparities.', 'However, there are also many things that can be done to address this problem.', ""Governments can pass laws to promote gender equality, and businesses can create policies that support women's rights."", 'Individuals can also play a role by challenging gender stereotypes and speaking out against discrimination.', 'The fight for gender equality is a long and difficult one, but it is a fight that is worth fighting.', 'By working together, we can create a world where all women and girls are treated with respect and have the same opportunities as men.', ""One example of something that can happen to address gender inequality is that governments can pass laws to promote gender equality. These laws can include measures to address violence against women, ensure equal pay for equal work, and promote women's participation in politics and decision-making.""]",-1.0,-1.0,-1.0,-1.0,-3.0,0
topic_44__witotitthi,"['Water is a vital resource for life on Earth.', 'It is used for drinking, cooking, cleaning, and many other purposes.', 'The chief use of water is for irrigation, which accounts for over 70% of global water consumption.', 'Other major uses of water include industrial production, domestic use, and power generation.', 'The cost of water varies depending on the source and location.', 'In some areas, water is relatively cheap and plentiful, while in other areas, it is scarce and expensive.', 'The cost of water can also be affected by factors such as pollution, drought, and climate change.', 'The many uses of water make it a valuable resource.', 'However, water scarcity is a growing problem in many parts of the world.', 'It is important to use water wisely and to conserve water whenever possible.']",-1.0,-1.0,-1.0,-1.0,-3.0,0
topic_450__gtgttbtbtbtbt,"['Good manners are the habits and actions that show respect for other people.', 'They are learned behaviors that are based on the Golden Rule, which says to treat others the way you want to be treated.', 'Good manners are important because they make the world a more pleasant place to live.', 'They help to create a sense of community and make people feel more comfortable and respected.', 'There are many different types of good manners, but some of the most important ones include being polite, being respectful, being honest, being considerate of others, and being responsible.', 'Being polite means being courteous and respectful to others.', 'This includes saying ""please"" and ""thank you,"" holding the door open for others, and listening attentively when someone is speaking.', 'Being respectful means treating others with dignity and respect, regardless of their age, race, gender, religion, or social status.', 'This includes not making fun of others, not interrupting them when they are speaking, and listening to their opinions even if you disagree with them.', 'Being honest means being truthful and sincere.', 'This includes not lying or cheating, and being upfront about your intentions.', 'Being considerate of others means being thoughtful and helpful.', 'This includes being aware of the needs of others and doing what you can to make them feel comfortable.']",-1.0,-1.0,-1.0,-1.0,-3.0,0
topic_453__giwgiitiiegi,"['Gratitude is a powerful emotion.', 'It has the ability to transform our lives and make us happier, healthier, and more successful.', 'When we are grateful, we focus on the good things in our lives, and this helps us to appreciate what we have.', 'Gratitude also helps us to connect with others and build strong relationships.', 'I believe that gratitude is one of the most important things we can learn in life.', 'It is a skill that can be developed and improved with practice.', 'The more we practice gratitude, the easier it becomes to see the good in our lives and to appreciate the people who are important to us.', 'I have obtained a deep understanding of gratitude through my own experiences.', 'I have been through many difficult times in my life, but I have always been able to find something to be grateful for.', 'Even when things were at their worst, I knew that I was lucky to be alive and to have the support of my family and friends.', 'Gratitude has helped me to become a happier and more resilient person.', 'It has helped me to see the good in every situation, and it has given me the strength to overcome challenges.']",-1.0,-1.0,-1.0,-1.0,-3.0,0
topic_456__hihiph,"['Happiness is a state of well-being and contentment.', 'It is a feeling of joy, satisfaction, and fulfillment.', 'Happiness is often associated with positive emotions, such as love, gratitude, and hope.', 'It is important to note that happiness is not the same as pleasure.', 'Pleasure is a temporary state of happiness that is often associated with physical sensations, such as eating a delicious meal or taking a warm bath.', 'Happiness, on the other hand, is a more lasting state of well-being that is often associated with things like relationships, accomplishments, and personal growth.']",-1.0,-1.0,-1.0,-1.0,-3.0,0
topic_456__hithitoafwiat,"['Happiness is a state of well-being and contentment.', 'It is often associated with positive emotions such as love, joy, and gratitude.', 'There are many things that can contribute to happiness, including relationships with loved ones, meaningful work, and a sense of purpose.', 'However, it is important to note that happiness is not always a constant state.', 'It can fluctuate depending on our circumstances and experiences.', 'That is why it is important to find ways to cultivate happiness in our lives, even when things are tough.', 'One way to do this is to focus on the things that are important to us and that make us feel good.', 'Another way is to be grateful for what we have and to appreciate the people in our lives.', 'Finally, it is important to find ways to make a difference in the world, even if it is something small.', 'When we feel like we are making a difference, it can give us a sense of purpose and meaning, which can contribute to our overall happiness.', 'In the context of a work environment, a boss can play a significant role in contributing to employee happiness.', 'A supportive and understanding boss can create a positive work environment where employees feel valued and respected.', 'This can lead to increased productivity and job satisfaction, which can in turn contribute to employee happiness.']",-1.0,-1.0,-1.0,-1.0,-3.0,0
topic_45__miblwtdwlldisi,"[""My dear daughter, I know you've been wondering about the nature of light and darkness."", ""It's a big question, and one that scientists have been trying to answer for centuries."", 'But I think I can give you a simple explanation that will help you understand it a little better.', 'Light is a kind of energy that travels in waves.', 'We can see light because it enters our eyes and stimulates the retina, which is a light-sensitive tissue at the back of the eye.', 'The retina sends signals to our brain, which interprets them as images.', 'Darkness is the absence of light.', ""When there is no light, we can't see anything."", ""Light and darkness are two opposites, but they're also two sides of the same coin."", 'Light is needed for us to see, but darkness is also important.', 'Darkness helps us to rest and sleep.', 'It also creates a sense of mystery and wonder.', ""So next time you're outside at night, take a moment to appreciate the darkness."", ""It's just as important as light, and it has its own beauty.""]",-1.0,-1.0,-1.0,-1.0,-3.0,0
topic_45__sfboatwitot,"['Sickness has been a part of human life since the beginning of time.', 'From the common cold to the bubonic plague, countless diseases have ravaged our species, causing pain, suffering, and death.', 'But where did these illnesses come from?', 'One popular myth about the origin of sickness is that it was caused by a curse from the gods.', 'According to this myth, the gods were angered by the behavior of humans, so they sent down a plague to punish them.', 'This myth is found in many cultures around the world, and it often features a similar story: the gods are angered by something humans have done, so they send down a plague to teach them a lesson.', 'While this myth is certainly a powerful story, there is no evidence to support it.', 'In fact, most scientists believe that sickness is caused by natural factors, such as bacteria and viruses.', 'These pathogens are always present in our environment, and they can cause disease when they enter our bodies.', ""Of course, the myth of the gods' curse is just one of many stories about the origin of sickness."", 'There are many other myths and legends that attempt to explain why we get sick.']",-1.0,-1.0,-1.0,-1.0,-3.0,0
topic_460__haeiriywb,"['Health and fitness are important for feeling your best and living a long, happy life.', 'A healthy diet and regular exercise can help you maintain a healthy weight, reduce your risk of chronic diseases, and improve your mood and energy levels.', 'Eating a healthy diet means eating plenty of fruits, vegetables, and whole grains.', 'It also means limiting unhealthy fats, processed foods, and sugary drinks.', 'Regular exercise can include activities such as walking, running, swimming, biking, or dancing.', 'It is important to get at least 150 minutes of moderate-intensity aerobic activity or 75 minutes of vigorous-intensity aerobic activity each week.', 'You should also do muscle-strengthening activities at least twice a week.', 'When you make healthy choices for your health and fitness, you are not only improving your own life, but you are also setting a positive example for others.', 'By making healthy choices, you are helping to create a healthier community and a healthier world.']",-1.0,-1.0,-1.0,-1.0,-3.0,0
topic_461__thbotbyiiwaee,"['The coming season is a time for celebration and joy.', 'However, it is also a time for increased risk of illness.', 'By following some simple health and hygiene tips, you can help to keep yourself and your family healthy and safe.', 'One of the most important things you can do to stay healthy is to wash your hands frequently.', 'This is especially important during the coming season, when cold and flu viruses are more likely to spread.', 'Be sure to wash your hands with soap and water for at least 20 seconds, especially after using the bathroom, before eating, and after being around sick people.', 'You should also avoid touching your face, as this can spread germs.', 'If you do touch your face, be sure to wash your hands immediately.', 'It is also important to get enough sleep.', 'When you are tired, your immune system is not as strong, making you more susceptible to illness.', 'Aim for 7-8 hours of sleep per night.', 'Eating a healthy diet is another important part of staying healthy.', 'Eating plenty of fruits, vegetables, and whole grains can help to boost your immune system and keep you feeling your best.']",-1.0,-1.0,-1.0,-1.0,-3.0,0
topic_462__hihmthithbot,"['Health education is a vital part of a healthy lifestyle.', 'It can help people learn about the importance of healthy eating, exercise, and preventive care.', 'Health education can also help people understand how to manage chronic diseases and make informed decisions about their health.', 'Many schools offer health education classes as part of their curriculum.', 'These classes can teach students about a variety of health topics, including nutrition, physical activity, mental health, and substance abuse.', 'Health education classes can also help students develop healthy habits that they will carry with them into adulthood.', 'In addition to school-based health education, many community organizations offer health education programs.', 'These programs can provide people with information about a variety of health topics, and they can also offer support and resources for people who are trying to make healthy changes in their lives.', 'Health education is an important investment in the health of individuals and communities.', 'By providing people with the knowledge and skills they need to make healthy choices, health education can help to prevent disease, improve health, and reduce health care costs.', 'On Saturday, the local community center offered a free health education seminar on the topic of healthy eating.', 'The seminar was attended by a variety of people, including adults, children, and seniors.']",-1.0,-1.0,-1.0,-1.0,-3.0,0
topic_463__hitttotafomsee,"['Healthy food is not just about eating salads and avoiding junk food.', ""It's about eating a variety of foods that give your body the nutrients it needs to function properly."", 'This includes fruits, vegetables, whole grains, and lean protein.', 'There are many different ways to eat healthy, and what works for one person may not work for another.', 'The key is to find what works for you and make it a part of your lifestyle.', 'One way to make healthy eating easier is to cook at home more often.', 'This gives you more control over the ingredients in your food and allows you to make healthier choices.', 'Another way to eat healthier is to make small changes to your diet.', 'For example, you could start by adding one serving of fruits or vegetables to your meals each day.', 'Or, you could swap out unhealthy snacks for healthier options.', 'Making small changes to your diet can add up over time and make a big difference to your health.', ""So don't be afraid to experiment and find what works for you."", 'Eating healthy is not just about what you eat, but also about how you eat.', 'Eating slowly and mindfully can help you enjoy your food more and feel satisfied after eating less.']",-1.0,-1.0,-1.0,-1.0,-3.0,0
topic_464__aiitptiptisam,"['A healthy lifestyle is one that promotes physical, mental, and emotional well-being.', 'It includes eating a healthy diet, getting regular exercise, and getting enough sleep.', 'It also means avoiding harmful substances like tobacco and alcohol.', 'There are many benefits to living a healthy lifestyle.', 'People who eat a healthy diet and exercise regularly are less likely to develop chronic diseases like heart disease, stroke, type 2 diabetes, and cancer.', 'They are also more likely to have a healthy weight, which can improve their mood and energy levels.', 'In addition to the physical benefits, a healthy lifestyle can also have a positive impact on mental health.', 'People who exercise regularly are more likely to have better self-esteem and cope better with stress.', 'They are also less likely to experience depression and anxiety.', 'If you are looking to improve your overall health and well-being, making some changes to your lifestyle is a great place to start.', 'Start by making small changes, such as eating one more serving of fruits or vegetables each day or walking for 30 minutes three times a week.', 'As you get used to these changes, you can start to make more significant changes.', 'Making a healthy lifestyle change is not always easy, but it is worth it.']",-1.0,-1.0,-1.0,-1.0,-3.0,0
topic_465__hithitthpthi,"['Hockey is a fast-paced, physical sport that is played on ice.', 'It is played with two teams of six players each, with one goaltender.', ""The object of the game is to score goals by shooting the puck into the opponent's net."", 'Hockey is a popular sport in Canada, the United States, and Europe.', 'It is also an Olympic sport.', 'The first indoor hockey game was played in Montreal, Canada, in 1875.', 'The National Hockey League (NHL) was established in 1917.', 'Hockey is a demanding sport that requires a high level of skill and athleticism.', 'Players must be able to skate, shoot, pass, and stickhandle at a high level.', 'They must also be able to think quickly and make split-second decisions.', 'Hockey is a great sport for people of all ages.', 'It is a fun and challenging way to stay active.']",-1.0,-1.0,-1.0,-1.0,-3.0,0
topic_468__hhwttfwoihifos,"['""Honesty is the best policy"" is a saying that means it is always better to be honest, even if it is difficult.', 'Honesty is important because it builds trust and respect between people.', 'When people know that you are honest, they are more likely to trust you and open up to you.', 'This can lead to stronger relationships and more fulfilling experiences.', 'There are many benefits to being honest.', 'For example, being honest can help you to avoid conflict, make better decisions, and build strong relationships.', 'When you are honest, you are more likely to be true to yourself and live a life that you are proud of.', 'Of course, being honest is not always easy.', 'It can be difficult to tell the truth when it is hard or when you are afraid of the consequences.', 'However, it is important to remember that the long-term benefits of honesty far outweigh the short-term pain.', 'If you are struggling to be honest, there are a few things you can do to help yourself.', 'First, try to identify the reasons why you are being dishonest.', 'Once you know what is driving your behavior, you can start to address the root of the problem.', 'Second, practice being honest in small ways.']",-1.0,-1.0,-1.0,-1.0,-3.0,0
topic_470__aihahgsphthtti,"['A hospital is a healthcare institution providing patient treatment in an inpatient setting.', 'Inpatient care is provided by hospital inpatient departments, emergency departments and outpatient clinics.', 'Hospitals are usually staffed by professional and registered nurses, physicians, and other health professionals.', 'A hospital can also include a number of support departments, such as medical records, pharmacy, laboratory, radiology, and rehabilitation.', 'Hospitals are often classified by the type of care they provide, such as general hospitals, specialty hospitals, and psychiatric hospitals.', 'General hospitals provide a wide range of services, including medical, surgical, obstetrical, and pediatric care.', 'Specialty hospitals focus on a particular type of care, such as cancer care, cardiac care, or orthopedic care.', 'Psychiatric hospitals provide care for people with mental illness.', 'Hospitals are an important part of the healthcare system.', 'They provide care for a variety of illnesses and injuries, and they play a vital role in the prevention, diagnosis, and treatment of disease.', 'Hospitals also provide education and training for healthcare professionals, and they conduct research to improve the quality of care.', 'The history of hospitals dates back to ancient times.', 'The first hospitals were established in India, China, and Greece.', 'In the Middle Ages, hospitals were often run by religious organizations.']",-1.0,-1.0,-1.0,-1.0,-3.0,0
topic_475__tepemoiiptg,"['The world is awash in plastic.', 'Everywhere you look, there it is: floating in the ocean, washing up on beaches, choking sea turtles and other marine life.', ""Plastic pollution is a major threat to the health of our oceans, and it's only getting worse."", 'Every year, millions of tons of plastic end up in our oceans.', 'Most of it comes from land-based sources, such as rivers and streams.', 'Once in the ocean, plastic can take hundreds of years to break down.', 'It can also be ingested by marine animals, which can cause them to become sick or even die.', 'In addition to the direct harm it causes to marine life, plastic pollution can also have a negative impact on the food chain.', 'Plastic can accumulate in the stomachs of fish and other marine animals, and when these animals are eaten by humans, we can end up ingesting plastic ourselves.', 'The health effects of consuming plastic are not yet fully understood, but there is concern that it could lead to a variety of problems, including cancer, reproductive issues, and developmental disorders.', 'Global warming is also having a significant impact on the oceans.']",-1.0,-1.0,-1.0,-1.0,-3.0,0
topic_489__stsattnifisttfsti,"[""Sports can be an important part of a person's life."", 'They can provide physical activity, which can help to improve health and well-being.', 'Sports can also teach teamwork, discipline, and perseverance.', 'Additionally, sports can be a way to socialize and make friends.', 'There are many different types of sports that people can participate in, from individual sports like running and swimming to team sports like soccer and basketball.', 'There are also sports for people of all ages and abilities.', 'No matter what your interests or fitness level, there is probably a sport that is right for you.', 'If you are thinking about getting involved in sports, there are a few things you should keep in mind.', 'First, make sure to choose a sport that you enjoy.', ""If you don't enjoy the sport, you are less likely to stick with it."", 'Second, start slowly and gradually increase your activity level.', 'This will help to prevent injuries.', 'Third, wear proper gear to protect yourself.', 'Finally, listen to your body and stop if you feel pain.', 'Sports can be a great way to improve your health and well-being.', 'They can also be a lot of fun.', 'If you are thinking about getting involved in sports, I encourage you to do so.']",-1.0,-1.0,-1.0,-1.0,-3.0,0
topic_490__tttimtttisiyytb,"['Trees are vital to life on Earth.', 'They provide us with oxygen, food, and shelter.', 'They also help to regulate the climate and prevent soil erosion.', 'In recent years, there has been a growing awareness of the importance of tree planting.', 'Many organizations are working to plant trees in urban areas, in order to improve air quality and create green spaces.', 'Trees are also important for gardens.', 'They can provide shade, shelter, and food for plants and animals.', 'They can also help to improve the soil and water quality.', 'If you are planning to plant a garden, it is important to consider the type of trees that you will plant.', 'Some trees are better suited for gardens than others.', 'If you are interested in planting trees, there are many resources available to help you.', 'You can find information on tree planting from your local government, gardening centers, and environmental organizations.', 'You can also find helpful information online.', 'Tree planting is a great way to make a difference in your community and the world.', 'By planting trees, you can help to improve the environment and create a more sustainable future.']",-1.0,-1.0,-1.0,-1.0,-3.0,0
topic_492__wiwtoiaitwwb,"['Water is essential for life.', 'It makes up over 60% of our body weight and is involved in many important bodily functions, such as regulating body temperature, transporting nutrients and oxygen to cells, and removing waste products.', 'Water also helps to lubricate joints and protect organs and tissues.', 'There are many reasons why we should conserve water.', 'One reason is that water scarcity is a growing problem around the world.', 'In many parts of the world, people do not have access to clean water, and even in areas where water is plentiful, it is becoming increasingly scarce due to climate change.', 'Another reason to conserve water is that it is a valuable resource.', 'It takes a lot of energy to treat and transport water, and it is important to use water wisely so that we do not waste this precious resource.', 'There are many things we can do to conserve water.', 'We can take shorter showers, fix leaky faucets, and water our lawns less often.', 'We can also choose to buy products that are made with recycled water.', 'By making small changes in our daily lives, we can help to conserve water and ensure that this vital resource is available for future generations.']",-1.0,-1.0,-1.0,-1.0,-3.0,0
topic_497__jijtttjctps,"['Junk food is a type of food that is high in calories, fat, and sugar, and low in nutrients.', 'It is often made with processed ingredients and is typically consumed in large quantities.', 'Junk food can be addictive, and it can lead to a number of health problems, including obesity, heart disease, and type 2 diabetes.', 'There are many different types of junk food, including candy, chips, soda, and fast food.', 'These foods are often brightly colored and heavily marketed to children.', 'They are also typically very cheap, which makes them a popular choice for people on a budget.', 'Junk food can be a problem for people of all ages, but it is especially harmful to children.', 'Children who eat a lot of junk food are more likely to be overweight or obese, and they are also more likely to develop health problems later in life.', 'There are a number of things that can be done to help reduce the consumption of junk food.', 'Parents can talk to their children about the importance of eating healthy foods, and they can make sure that healthy foods are available in the home.', 'Schools can offer healthier options in their cafeterias, and they can educate students about the dangers of junk food.']",-1.0,-1.0,-1.0,-1.0,-3.0,0
topic_505__altpsasllitli,"['A library is a place where people can go to read, study, and borrow books, magazines, and other materials.', 'Libraries also offer a variety of other services, such as computer access, printing, and research assistance.', 'There are many different types of libraries, including public libraries, school libraries, academic libraries, and special libraries.', 'Public libraries are open to the public and offer a variety of services to their patrons.', 'School libraries are located in schools and provide resources to students and teachers.', 'Academic libraries are located at colleges and universities and provide resources to students, faculty, and staff.', 'Special libraries are dedicated to a particular subject area, such as law, medicine, or business.', 'Libraries are important because they provide access to information and resources that can help people learn and grow.', 'Libraries also offer a place for people to come together and socialize.', ""In today's digital age, libraries are still relevant and important."", ""They offer access to books, magazines, and other materials that can't be found online."", ""Libraries also offer computer access, printing, and research assistance, all of which are essential in today's world."", ""If you're looking for a place to learn, grow, and socialize, then a library is the perfect place for you.""]",-1.0,-1.0,-1.0,-1.0,-3.0,0
topic_513__toooaaahfwa,"['The debate of man vs. machine is a long-standing one, with no easy answer.', 'On the one hand, machines are becoming increasingly sophisticated and capable, and they are already performing many tasks that were once thought to be the exclusive domain of humans.', 'On the other hand, humans have a unique set of skills and abilities that machines are unlikely to ever replicate, such as creativity, empathy, and intuition.', 'One of the key areas where machines are rapidly outpacing humans is in the field of artificial intelligence (AI).', 'AI is a branch of computer science that deals with the creation of intelligent agents, which are systems that can reason, learn, and act autonomously.', 'AI is already being used in a wide range of applications, from self-driving cars to medical diagnosis.', 'And as AI continues to develop, it is likely to become even more powerful and capable.', 'However, there are also a number of areas where humans are likely to retain a significant advantage over machines.', 'For example, humans are much better at dealing with ambiguity and uncertainty.', 'We can also draw on our experience and intuition to make decisions in complex situations.', 'And finally, humans have a unique capacity for creativity and innovation.']",-1.0,-1.0,-1.0,-1.0,-3.0,0
topic_514__mitmtmtsmtmti,"['Mango: The King of Fruits', 'If there was one fruit that could be considered the king of fruits, it would be the mango.', 'This delicious and nutritious fruit is enjoyed by people all over the world, and for good reason.', 'Mangoes are a good source of vitamins A, C, and E, as well as potassium and fiber.', 'They are also low in calories and fat, making them a healthy snack or dessert option.', 'Mangoes are native to India, but they are now grown in many tropical and subtropical regions around the world.', 'There are hundreds of different varieties of mangoes, each with its own unique flavor and texture.', 'Some of the most popular varieties include the Alphonso, the Kent, and the Haden.', 'Mangoes are typically eaten fresh, but they can also be used in a variety of dishes, such as salads, smoothies, and curries.', 'They can also be dried, canned, or made into juice.', 'Mangoes are a versatile and delicious fruit that can be enjoyed in many different ways.', 'They are a healthy and nutritious snack or dessert option, and they can also be used in a variety of dishes.', 'If you have never tried a mango, I encourage you to do so.']",-1.0,-1.0,-1.0,-1.0,-3.0,0
topic_515__mitmtiotbifsam,"['Marriage is a lifelong commitment between two people who love and care for each other.', 'It is a union that is both spiritual and legal, and it is meant to be a source of joy, companionship, and support.', 'There are many benefits to being married.', 'Married couples tend to be happier and healthier than unmarried couples.', 'They are also more likely to have strong financial and social networks.', 'In addition, marriage can provide a sense of stability and security, and it can help to promote personal growth and development.', 'Of course, marriage is not without its challenges.', 'There will be times when you and your spouse disagree, and there will be times when you need to compromise.', 'But if you are willing to work through these challenges together, your marriage will only become stronger.', 'If you are thinking about getting married, there are a few things you should keep in mind.', 'First, make sure that you are truly ready to commit to another person for the rest of your life.', 'Second, find someone who you love, respect, and admire.', 'And third, make sure that you are both on the same page about your goals and values.', 'Marriage is a wonderful thing, but it is not always easy.']",-1.0,-1.0,-1.0,-1.0,-3.0,0
topic_51__ftfsftmityft,"['Food and wine festivals and tasting events are a popular way to enjoy food and wine.', 'They are often held in conjunction with other events, such as music festivals or art fairs.', 'Food and wine festivals and tasting events can be found in all parts of the world, and they typically take place during the summer months.', 'Some of the most popular food and wine festivals include the Napa Valley Wine Festival in California, the Sonoma County Harvest Festival in California, and the New York City Wine and Food Festival.', 'Food and wine festivals and tasting events offer a variety of experiences for attendees.', 'They can sample a wide range of wines and foods, learn about the culinary arts, and meet with winemakers and chefs.', 'Many food and wine festivals also feature live music and other entertainment.', 'If you are planning to attend a food and wine festival, it is important to do some research in advance.', 'This will help you to choose the right festival for your interests and budget.', 'You should also make sure to book your transportation and accommodations in advance, as these can become scarce during peak festival season.', 'Food and wine festivals and tasting events can be a great way to enjoy food, wine, and culture.', 'They are a fun and festive way to spend a day or weekend.']",-1.0,-1.0,-1.0,-1.0,-3.0,0
topic_523__iwtittwwiewsb,"['I think that the use of the word ""mother"" is often limited by our expectations of what a mother should be.', 'We expect mothers to be selfless, nurturing, and always putting their children first.', ""This can be a very difficult role to live up to, and it can lead to mothers feeling guilty or inadequate if they don't feel like they're doing enough."", ""I think it's important to remember that mothers are just people, and they're not perfect."", ""They're going to make mistakes, and they're going to have moments when they're not sure what they're doing."", ""That's okay."", 'We all make mistakes.', 'What matters is that we learn from them and try to do better next time.', ""I also think it's important to remember that there is no one right way to be a mother."", 'Every mother is different, and every child is different.', 'What works for one family might not work for another.', ""So don't be afraid to experiment and find what works for you and your family."", 'Being a mother is a wonderful and rewarding experience, but it can also be challenging.']",-1.0,-1.0,-1.0,-1.0,-3.0,0
topic_536__nithotatofa,"[""National integration is the process by which a country's different regions, cultures, and peoples are brought together into a single, unified nation."", 'It is a complex and often challenging process, but it is essential for the long-term stability and prosperity of any country.', 'There are many factors that can contribute to national integration, including common language, religion, history, and culture.', 'However, no single factor is essential, and national integration can be achieved even in countries with significant diversity.', 'One of the most important factors in national integration is a strong sense of national identity.', 'This can be fostered through shared symbols, such as a flag or anthem, and through common experiences, such as military service or participation in national sports teams.', 'Another important factor is a commitment to democratic values, such as freedom of speech and assembly.', 'These values allow for the open expression of different views and help to create a sense of belonging among citizens.', 'Of course, there are also limitations to national integration.', 'For example, it can be difficult to overcome deep-seated prejudices and discrimination.', 'Additionally, national integration can be threatened by external factors, such as war or economic crisis.']",-1.0,-1.0,-1.0,-1.0,-3.0,0
topic_538__tstftittiat,"['The wide variety of natural resources available on Earth has been the subject of much scientific research and speculation.', 'Some of the most commonly referenced resources include water, air, soil, minerals, and energy.', 'The availability and distribution of these resources varies widely around the globe, and this has a significant impact on the development of human societies.', 'For example, some regions of the world are rich in natural resources, while others are relatively poor.', 'This can lead to significant differences in the standard of living between different countries and regions.', 'It can also lead to conflict and competition over the control of natural resources.', 'The use of natural resources has also had a significant impact on the environment.', 'The extraction and processing of natural resources can pollute the air, water, and soil.', 'It can also lead to the depletion of natural resources, which can have a devastating impact on ecosystems.', ""As the world's population continues to grow, the demand for natural resources is also increasing."", ""This is putting a strain on the Earth's resources, and it is important to find ways to use natural resources more sustainably.""]",-1.0,-1.0,-1.0,-1.0,-3.0,0
topic_543__aimnnittsni,"['A newspaper is a periodical publication containing current news, informative articles, diverse features, advertising, and other content.', 'It is typically printed on relatively inexpensive, low-grade paper called newsprint.', 'Most newspapers are published daily or weekly, but some may be published less frequently.', 'Newspapers are distributed through a variety of channels, including print, online, and mobile.', 'Newspapers have been around for centuries, and they have played an important role in informing the public about current events.', 'In the early days of newspapers, they were often the only source of information for people living in rural areas.', 'Today, newspapers continue to be a valuable source of information, but they face competition from other media outlets, such as television, radio, and the internet.', 'There are many different types of newspapers, each with its own target audience.', 'Some newspapers are general-interest publications, while others focus on specific topics, such as business, sports, or entertainment.', 'Newspapers can also be classified by their political leanings, with some being considered liberal or left-wing, while others are considered conservative or right-wing.', 'In addition to providing news and information, newspapers also play an important role in shaping public opinion.']",-1.0,-1.0,-1.0,-1.0,-3.0,0
topic_547__otgglbotcbgg,"['Of Mice and Men is a novel by John Steinbeck that tells the story of two migrant workers, George and Lennie, who travel together in search of work during the Great Depression.', 'The novel is set in a time and place where the American Dream is all but dead, and the only way to survive is to stick together and look out for each other.', 'George and Lennie are both dreamers.', 'George dreams of one day owning a farm, where he and Lennie can live in peace and harmony.', 'Lennie dreams of petting soft rabbits and being gentle with them.', 'But their dreams are constantly thwarted by the harsh realities of the world they live in.', 'One day, George and Lennie find work on a ranch in California.', 'They are immediately befriended by Candy, an old ranch hand who is missing an arm.', 'Candy tells George and Lennie about his dream of one day owning a small farm, and the three men decide to pool their money together to buy a farm.', 'But their plans are once again thwarted when Lennie accidentally kills a woman.', 'George is forced to shoot Lennie to prevent him from being lynched.', ""George is devastated by Lennie's death, but he knows that it was the only thing he could do.""]",-1.0,-1.0,-1.0,-1.0,-3.0,0
topic_549__oitotttattott,"['Onam is a harvest festival celebrated in the Indian state of Kerala.', 'It is a time for family and friends to come together and celebrate the good harvest.', 'The festival lasts for ten days, and each day is filled with different activities and traditions.', 'One of the most important traditions of Onam is the Vallamkali, or snake boat race.', 'This is a boat race that takes place on the River Pampa.', 'The boats are long and narrow, and they are decorated with flowers and leaves.', 'The race is very competitive, and it is a lot of fun to watch.', 'Another important tradition of Onam is the Pookalam, or flower rangoli.', 'This is a beautiful design made out of flowers that is placed in front of the house.', 'The Pookalam is a way to welcome the gods and goddesses, and it is also a way to show respect to the elders.', 'Onam is a time for feasting and celebration.', 'There are many traditional dishes that are eaten during the festival, such as rice, fish, and vegetables.', 'There is also a lot of singing and dancing.']",-1.0,-1.0,-1.0,-1.0,-3.0,0
topic_54__bithtbtsttbtshw,"['Books have been a source of entertainment and education for centuries.', 'In the past, books were hand-written and were very expensive.', 'This made them a luxury item that only the wealthy could afford.', 'However, with the invention of the printing press in the 15th century, books became more affordable and accessible to the general public.', 'This led to a boom in literacy and education.', 'Books have played a major role in shaping culture and society.', 'They have been used to document history, spread ideas, and promote social change.', 'Some of the most influential books in history include the Bible, the Quran, and the works of Shakespeare.', 'Today, books are still a major source of entertainment and education.', 'They are available in a variety of formats, including print, e-books, and audiobooks.', 'Books can be found in libraries, bookstores, and online.', 'The future of books is uncertain.', 'Some people believe that e-books will eventually replace print books.', 'However, there is still a strong demand for print books, especially among readers who prefer the physical experience of reading a book.', 'Whatever the future holds, books are sure to remain a vital part of human culture for many years to come.']",-1.0,-1.0,-1.0,-1.0,-3.0,0
topic_54__citowhhtht,"['Charles Darwin was a British naturalist who is best known for his contributions to the science of evolution.', 'In his book On the Origin of Species, he proposed the theory of natural selection, which states that organisms that are better adapted to their environment are more likely to survive and reproduce.', 'This theory revolutionized the way we think about life and has had a profound impact on the history of science.', ""One of the most interesting aspects of Darwin's work is that he was inspired by his observations of marine life."", 'While traveling on the HMS Beagle, he spent a great deal of time studying the animals and plants that he encountered on his journey.', 'He made detailed observations of the different species that he saw, and he began to notice that there were patterns in the way that they were distributed.', 'He also noticed that some species were better adapted to their environment than others.', 'These observations led Darwin to develop his theory of natural selection.', 'He argued that the organisms that are best adapted to their environment are more likely to survive and reproduce.', 'This means that over time, the populations of organisms will change as the environment changes.']",-1.0,-1.0,-1.0,-1.0,-3.0,0
topic_550__oiittfctsmtchftsc,"['Online shopping is the process of buying goods or services from a retailer over the Internet.', 'It is different from traditional shopping in that the consumer does not physically visit a store to purchase the product.', 'Instead, the consumer browses through products and makes purchases online.', 'The consumer then receives the product at their home address.', 'There are many benefits to online shopping.', 'First, it is often more convenient than traditional shopping.', 'Consumers can shop from the comfort of their own home, at any time of day or night.', 'They can also compare prices from different retailers and read reviews of products before making a purchase.', 'Second, online shopping can be more affordable than traditional shopping.', 'Many retailers offer discounts and promotions on their online products.', 'Third, online shopping can be more environmentally friendly than traditional shopping.', 'Consumers do not have to drive to the store, which reduces emissions.', 'However, there are also some drawbacks to online shopping.', 'First, consumers cannot try on clothes or test out products before they buy them.', ""This can lead to disappointment if the product does not fit or meet the consumer's expectations."", 'Second, online shopping can be more risky than traditional shopping.', 'Consumers need to be careful about providing their credit card information online.']",-1.0,-1.0,-1.0,-1.0,-3.0,0
topic_556__pipioithottii,"[""Patriotism is the love of one's country and the willingness to defend it."", 'It can be expressed in many ways, from serving in the military to volunteering in your community.', 'Patriotism is important because it helps to create a sense of unity and common purpose among citizens.', 'It also helps to promote democracy and protect the rights of all citizens.', 'One example of patriotism is the story of George Washington crossing the Delaware River.', 'In December 1776, Washington and his troops were in a difficult position.', 'They had been defeated in several battles and were in danger of being captured by the British.', 'However, Washington knew that he had to keep fighting for the cause of American independence.', 'On Christmas night, he led his troops across the Delaware River in a surprise attack on the British.', 'The attack was a success, and it helped to turn the tide of the war in favor of the Americans.', 'This story is an example of patriotism because it shows the willingness of Americans to fight for their country, even when the odds were stacked against them.', 'It is also an example of how patriotism can help to achieve a common goal.', 'In this case, the goal was to win the American Revolution and establish a free and independent nation.']",-1.0,-1.0,-1.0,-1.0,-3.0,0
topic_559__piptoattftp,"[""Peer pressure is a significant issue that can have a major impact on a person's life."", 'It can be defined as the influence that a group of people has on an individual to conform to their norms and values.', 'Peer pressure can be both positive and negative, but it is often seen as a negative force that can lead people to make poor choices.', 'There are many different ways that peer pressure can manifest itself.', 'One common form is through direct pressure, such as when a group of friends tries to convince someone to do something they do not want to do.', 'Another form of peer pressure is indirect pressure, which can occur when a person feels like they need to do something in order to fit in with a group.', 'This can be especially damaging when it comes to issues such as drug use or sexual activity.', 'The intensity of peer pressure can vary depending on the situation.', 'For example, someone who is trying to fit in with a new group of friends may feel more pressure to conform than someone who is already well-established in a group.', ""The intensity of peer pressure can also depend on the individual's personality and self-esteem."", 'People who are more confident and assertive are less likely to be swayed by peer pressure than those who are more insecure.']",-1.0,-1.0,-1.0,-1.0,-3.0,0
topic_561__tibptotptltwwww,"['The plastic bag is a ubiquitous object in our modern world.', 'It is used for everything from carrying groceries to picking up dog poop.', 'But what is the true cost of this seemingly innocuous item?', 'Plastic bags are made from a type of plastic called polyethylene, which is derived from fossil fuels.', 'The production of plastic bags requires a great deal of energy, and it also releases harmful pollutants into the environment.', 'Once plastic bags are discarded, they can take hundreds of years to decompose.', 'This means that they can accumulate in landfills and oceans, where they can harm wildlife and pollute our water supply.', 'Plastic bags are also a major source of litter.', 'They can be found on beaches, in parks, and even in our own neighborhoods.', 'Litter is unsightly and can be a hazard to wildlife.', 'The plastic bag is a symbol of our throwaway culture.', 'We use them for a few minutes and then discard them, never giving a thought to the environmental consequences.', 'We need to find ways to reduce our use of plastic bags.', 'We can bring our own reusable bags when we go shopping, and we can recycle plastic bags whenever possible.', 'We can also lobby our elected officials to pass laws that restrict the use of plastic bags.']",-1.0,-1.0,-1.0,-1.0,-3.0,0
topic_56__ciitoctiacttft,"['Coffee culture is a global phenomenon that has evolved over centuries.', 'It is a social ritual that brings people together and provides a sense of community.', 'In recent years, coffee culture has become increasingly flexible, as more and more people work from home or on the go.', 'This has led to the rise of coffee shops that cater to the needs of busy professionals, offering a variety of amenities such as free Wi-Fi, comfortable seating, and power outlets.', 'One of the key benefits of coffee culture is its flexibility.', 'Coffee shops are a great place to work, study, or meet with friends.', 'They offer a relaxed and informal atmosphere that is conducive to productivity.', 'In addition, coffee shops are often located in convenient locations, making them easy to access.', 'Another important aspect of coffee culture is the sense of community it fosters.', 'Coffee shops are places where people can come together to socialize and connect with others.', 'They are often a hub of activity, with people coming and going throughout the day.', 'This creates a sense of energy and excitement that can be contagious.', 'For many people, coffee shops are an essential part of their daily lives.', 'They provide a place to relax, socialize, and work.']",-1.0,-1.0,-1.0,-1.0,-3.0,0
topic_572__aeipittitpw,"[""As a driver, I've seen firsthand the effects of poverty in India."", 'Every day, I drive past people living in slums, begging on the streets, and working in dangerous and unhealthy conditions.', ""It's heartbreaking to see so many people struggling to survive."", 'Poverty is a complex problem with no easy solutions.', ""It's caused by a variety of factors, including lack of education, lack of opportunity, and social and economic inequality."", ""The government is working to address poverty, but it's a slow process."", 'There are many challenges to overcome, including corruption, bureaucracy, and a lack of resources.', 'In the meantime, people living in poverty are struggling to make ends meet.', 'They often have to make difficult choices, such as choosing between food and medicine.', ""Poverty is a serious problem, but it's not impossible to overcome."", 'With hard work, dedication, and a commitment to social justice, we can create a world where everyone has the opportunity to live a full and prosperous life.']",-1.0,-1.0,-1.0,-1.0,-3.0,0
topic_574__ptfpfpiiftotafit,"['Procrastination is the act of delaying or postponing something that needs to be done.', 'There are many theories about why people procrastinate, but one of the most common is that it is a way to avoid feeling anxious or stressed about a task.', 'For example, you might procrastinate on writing a paper because you are worried about getting a bad grade.', 'Procrastination can also be a way to escape from boredom or unpleasantness.', 'For example, you might procrastinate on cleaning your room because you would rather watch TV.', 'Procrastination can have serious consequences.', 'It can lead to missed deadlines, lower grades, and even job loss.', 'It can also damage your relationships with others.', 'For example, if you keep canceling plans with your friends because you are too busy procrastinating, they may eventually stop inviting you to things.', 'There are a number of things you can do to overcome procrastination.', 'One is to break down the task into smaller, more manageable steps.', 'This will make it seem less daunting and more achievable.', 'Another is to set deadlines for yourself and stick to them.', 'Finally, find a support system of friends or family members who can help you stay on track.', ""If you are struggling with procrastination, don't despair."", 'There are many resources available to help you.']",-1.0,-1.0,-1.0,-1.0,-3.0,0
topic_576__pibtfyaitfioatif,"['Punctuality is the quality of being on time or early.', 'It is an important skill in both personal and professional life.', ""Being punctual shows that you respect other people's time and that you are reliable."", 'There are many benefits to being punctual.', 'For example, you are less likely to miss appointments or important events.', 'You will also be more productive, as you will not have to rush to get to places.', 'Additionally, being punctual can help you build a positive reputation at work.', 'If you are known for being punctual, your coworkers and clients will be more likely to trust and respect you.', 'There are a few things you can do to become more punctual.', 'First, set realistic goals for yourself.', 'If you are not used to being on time, start by setting small goals, such as arriving 5 minutes early to appointments.', 'Once you are able to consistently meet these goals, you can gradually increase the amount of time you allow yourself.', 'Another helpful tip is to plan ahead.', 'This means leaving plenty of time to get ready and to travel to your destination.', 'It also means being prepared for unexpected delays, such as traffic or bad weather.', 'Finally, it is important to be mindful of the time.']",-1.0,-1.0,-1.0,-1.0,-3.0,0
topic_578__ttiomtaattty,"['The railway station is a place where people come and go.', 'There are always people rushing to catch their trains, and others waiting for their loved ones to arrive.', 'It is a place of constant activity, and there is always something to see.', 'One of the things that you might see at a railway station is a meme.', 'Memes are images or videos that are copied and shared online, often with slight variations.', 'They can be funny, serious, or anything in between.', 'At a railway station, you might see memes about traveling, waiting for trains, or meeting new people.', 'Another thing that you might see at a railway station is a store.', 'There are usually a variety of stores at a railway station, including convenience stores, newsstands, and bookstores.', 'These stores sell a variety of items, such as food, drinks, newspapers, magazines, and books.', 'The railway station is a place where people come together, and it is a place where anything can happen.', 'You might see a meme, you might buy a snack, or you might even meet your future spouse.']",-1.0,-1.0,-1.0,-1.0,-3.0,0
topic_57__aiifiyalfp,"['A bright and light-filled room can make you feel more awake and alert.', 'It can also help to improve your mood and productivity.', ""If you're looking to create a bright and airy space, there are a few things you can do."", 'First, make sure the room is well-lit with natural light.', ""If you don't have a lot of natural light, you can use light fixtures to brighten up the space."", 'You can also add mirrors to reflect light around the room.', 'Another way to create a bright and airy space is to choose light-colored finishes for your walls, floors, and furniture.', 'Light colors will reflect light and make the room feel more open.', 'Finally, you can add plants to the space.', 'Plants help to purify the air and can also add a touch of natural light.']",-1.0,-1.0,-1.0,-1.0,-3.0,0
topic_583__rirtrsotht,"['Reservation in India is a system of positive discrimination that aims to provide opportunities to historically disadvantaged groups.', 'It is based on the idea that these groups have been discriminated against in the past, and that they need special help in order to achieve equality.', 'Reservations are used in a number of areas, including education, employment, and government.', 'They can take the form of quotas, which set aside a certain number of places for members of a particular group, or of preferences, which give members of a particular group an advantage in selection.', 'Reservations are controversial, and there are a number of arguments for and against them.', 'Some people argue that they are necessary to correct the effects of past discrimination, and that they provide an important opportunity for members of disadvantaged groups to improve their lives.', 'Others argue that reservations are unfair to other groups, and that they create a sense of entitlement among the beneficiaries.', 'The debate over reservations is likely to continue for many years to come.', 'However, there is a growing consensus that reservations are an important tool for achieving equality in India.', 'The Indian Constitution guarantees the right to equality for all citizens, regardless of their caste, religion, or gender.']",-1.0,-1.0,-1.0,-1.0,-3.0,0
topic_58__vtwtvwtsttidtt,"['Volcanic eruptions are a powerful and destructive force of nature.', 'They can cause widespread devastation, loss of life, and environmental upheaval.', 'While volcanic eruptions are often associated with danger, they can also be a source of beauty and wonder.', 'The sight of a erupting volcano is a awe-inspiring sight, and the resulting lava flows can create stunning landscapes.', ""Volcanic eruptions are caused by the build-up of pressure beneath the Earth's surface."", 'When this pressure becomes too great, the magma is forced up through the crust and erupts onto the surface.', 'The size and intensity of a volcanic eruption can vary greatly.', 'Some eruptions are relatively small and localized, while others can be massive and have a devastating impact on entire regions.', 'The most destructive volcanic eruptions can cause widespread ashfall, mudflows, and tsunamis.', 'They can also trigger earthquakes and landslides.', 'In the worst cases, volcanic eruptions can claim thousands of lives and cause billions of dollars in damage.', ""Despite the risks, volcanic eruptions are an important part of the Earth's geological processes."", ""They help to recycle the Earth's crust and create new landforms."", 'They also provide a home for a variety of plants and animals.']",-1.0,-1.0,-1.0,-1.0,-3.0,0
topic_593__yttwttomat,"['Youths play an incredibly important role in nation building.', 'They are the future of our country and they have the power to make a real difference.', 'They are full of energy, creativity, and passion, and they are eager to make a change.', 'When young people are given the opportunity to participate in nation building, they can do incredible things.', ""They can start new businesses, create new technologies, and solve some of the world's most pressing problems."", 'They can also inspire others to get involved and make a difference.', 'One example of how young people are making a difference in nation building is through the work of the Malala Fund.', 'Malala Yousafzai, a Pakistani activist for female education, was shot in the head by the Taliban in 2012 for speaking out in favor of education for girls.', ""After surviving the attack, Malala became a global advocate for girls' education and founded the Malala Fund to support education for girls around the world."", 'The Malala Fund has registered incredible progress in its mission to provide 130 million girls with 12 years of free, safe, quality education by 2030.']",-1.0,-1.0,-1.0,-1.0,-3.0,0
topic_595__ststoamasios,"['Same-sex marriage is a legal union of two people of the same sex.', 'The legal recognition of same-sex marriage has been the subject of much debate in recent years.', 'Some people believe that same-sex marriage should be legal, while others believe that it should not be.', 'There are a number of arguments for and against same-sex marriage.', 'One argument in favor of same-sex marriage is that it is a matter of equality.', 'All people, regardless of their sexual orientation, should have the same rights and responsibilities.', 'Marriage is a fundamental right, and same-sex couples should be able to enjoy this right just like heterosexual couples.', 'Another argument in favor of same-sex marriage is that it is beneficial for children.', 'Studies have shown that children who are raised by same-sex parents are just as well-adjusted as children who are raised by heterosexual parents.', 'In fact, some studies have even shown that children who are raised by same-sex parents may be more tolerant and accepting of others.', 'Of course, there are also arguments against same-sex marriage.', 'Some people believe that marriage is a union between a man and a woman, and that same-sex couples should not be allowed to marry.']",-1.0,-1.0,-1.0,-1.0,-3.0,0
topic_597__bttioaectswgb,"['Before the invention of the light bulb, people used candles and oil lamps to light their homes.', 'These sources of light were not very efficient and they often produced a lot of smoke.', 'The invention of the light bulb changed everything.', 'It allowed people to have more light at night and it also made it possible to work and play in the dark.', 'One way to save electricity is to turn off lights when you leave a room.', 'Another way to save electricity is to use energy-efficient light bulbs.', 'Energy-efficient light bulbs use less electricity than regular light bulbs and they last longer.', 'Children can help save electricity by turning off lights when they leave a room and by unplugging appliances when they are not in use.', 'They can also help by being aware of the amount of electricity they use.', 'Saving electricity is important because it helps to reduce our carbon footprint.', 'When we use less electricity, we produce less greenhouse gases.', 'Greenhouse gases are one of the main causes of climate change.', 'By saving electricity, we can help to protect the environment and we can also save money.']",-1.0,-1.0,-1.0,-1.0,-3.0,0
topic_599__tttutatoaweb,"['Tigers are apex predators that play a vital role in their ecosystems.', 'They help to keep populations of prey animals in check, which can help to prevent overgrazing and other environmental problems.', 'Tiger dens also provide food and shelter for other animals, and they help to disperse seeds and other plant matter.', 'Unfortunately, tigers are in danger of extinction.', 'They are hunted for their fur and body parts, and their habitat is being destroyed by human activity.', 'As a result, the number of tigers in the wild has declined by more than 95% in the past century.', 'There are a number of things that can be done to help save tigers.', 'One is to support organizations that work to protect tiger habitat and reduce poaching.', 'Another is to educate people about the importance of tigers and the threats they face.', 'We can also make choices that help to reduce our impact on the environment, such as eating less meat and driving less.', 'Every action we take to help save tigers makes a difference.', 'By working together, we can ensure that these magnificent animals continue to roam the wild for generations to come.']",-1.0,-1.0,-1.0,-1.0,-3.0,0
topic_602__sistosit,"['Science is a systematic enterprise that builds and organizes knowledge in the form of testable explanations and predictions about the natural world.', 'In its broadest sense, science encompasses all human knowledge and activity motivated by a desire to understand the natural world and its phenomena.', 'Science is also often seen as a particular body of knowledge derived from such investigation, as well as a method of discovery.', 'The earliest roots of science can be traced to Ancient Greek philosophy, particularly the works of Aristotle, who attempted to explain natural phenomena through observation and reason.', 'Over the centuries, science has developed into a more rigorous discipline, with the development of the scientific method, which emphasizes evidence, hypothesis testing, and repeatability.', 'Science has had a profound impact on human society, leading to the development of new technologies, medicines, and understanding of the natural world.', 'It has also played a role in shaping social and political thought.', 'Today, science is a major part of modern life, and it continues to play an important role in the advancement of knowledge and understanding.']",-1.0,-1.0,-1.0,-1.0,-3.0,0
topic_61__siiitatoait,"[""Susan, It's an honor to be writing to you."", ""I've been a fan of your work for decades, and I'm particularly interested in your writing on depression."", 'I\'m wondering if you could share your thoughts on the different applications of the term ""depression,"" and how it\'s changed over the past few decades.', ""I think it's important to start by acknowledging that depression is a complex and multifaceted disorder."", 'There are many different factors that can contribute to depression, including genetics, personality traits, life events, and medical conditions.', 'As a result, there is no one-size-fits-all approach to treating depression.', 'That said, there are some common themes that emerge when we talk about depression.', 'One is that depression is often characterized by a low mood, anhedonia (loss of interest in activities), and fatigue.', ""Another is that depression can have a significant impact on a person's life, interfering with their ability to work, go to school, and maintain relationships."", 'In the past few decades, there has been a growing awareness of depression.', 'This is due in part to the increased research on the disorder, as well as the growing public discourse about mental health.']",-1.0,-1.0,-1.0,-1.0,-3.0,0
topic_63__iitcwihttiiciw,"['Interpersonal conflict is a normal part of life.', 'It can happen between friends, family members, coworkers, and romantic partners.', 'There are many different causes of interpersonal conflict, such as different values, beliefs, and goals.', 'Conflict can also be caused by miscommunication, personality clashes, and power struggles.', 'When conflict occurs, it can be difficult to deal with.', 'It can be tempting to avoid the conflict or to lash out at the other person.', 'However, these are not healthy ways to deal with conflict.', 'The best way to deal with conflict is to talk about it.', ""This means expressing your feelings and listening to the other person's perspective."", 'It can also be helpful to find a mediator to help you resolve the conflict.', 'Interpersonal conflict can be challenging, but it can also be a learning opportunity.', 'Conflict can help us to learn more about ourselves and the other person.', 'It can also help us to develop our communication and conflict resolution skills.', 'When we learn to deal with conflict in a healthy way, we can build stronger relationships and have more fulfilling lives.']",-1.0,-1.0,-1.0,-1.0,-3.0,0
topic_65__tttttaiith,"['The history of Ethiopia is long and complex, with a rich and varied culture.', 'The earliest evidence of human settlement in Ethiopia dates back to the Paleolithic period, with the discovery of stone tools and other artifacts.', 'The first major civilization in Ethiopia was the Aksumite Empire, which flourished from the 1st century BC to the 8th century AD.', 'The Aksumites were a powerful trading empire that controlled much of the trade between Africa and the Middle East.', 'They also built many impressive monuments, including the Great Stelae of Aksum.', 'After the fall of the Aksumite Empire, Ethiopia was ruled by a series of different kingdoms and dynasties.', 'In the 16th century, Ethiopia was invaded by the Ottoman Empire, but the Ethiopians were able to defeat the Ottomans and maintain their independence.', 'In the 19th century, Ethiopia was ruled by Emperor Tewodros II, who is considered one of the greatest Ethiopian rulers.', 'Tewodros II was a strong and ambitious ruler who sought to unite Ethiopia and to modernize the country.', 'He also fought against European colonialism, and he is remembered for his famous letter to Queen Victoria of England, in which he demanded that she stop interfering in Ethiopian affairs.']",-1.0,-1.0,-1.0,-1.0,-3.0,0
topic_678__rrrhtsririst,"['Religion is a system of beliefs and practices that is based on the idea that there is a higher power, such as a god or gods.', 'Religions often include rituals, such as praying, and ceremonies, such as baptism.', 'Religion can be a source of comfort and guidance for people, and it can also provide a sense of community.', 'However, religion can also be used to justify violence and discrimination.', 'There are many different religions in the world, and they all have their own unique beliefs and practices.', 'Some of the major religions include Christianity, Islam, Judaism, Hinduism, and Buddhism.', 'Religion has played an important role in human history.', 'It has been used to explain the natural world, to provide moral guidance, and to unite people into communities.', 'Religion has also been used to justify violence and discrimination.', 'In recent years, there has been a growing trend of secularism, which is the belief that religion should not play a role in public life.', 'Secularists argue that religion should be a private matter, and that it should not be used to justify laws or policies.', 'The debate over the role of religion in society is likely to continue for many years to come.']",-1.0,-1.0,-1.0,-1.0,-3.0,0
topic_67__rttottaatrttdp,"['""Rivers are one of the most important features of the natural world.', 'They provide water for drinking, irrigation, and transportation.', 'They also play a vital role in the global ecosystem, supporting a wide variety of plant and animal life.', 'One of the most striking things about rivers is their texture.', 'The water flows over rocks and stones, creating a constantly changing pattern of ripples and waves.', 'This texture is not only beautiful, but it also helps to oxygenate the water and transport nutrients downstream.', 'Another important aspect of rivers is their ability to transport sediment.', 'As the water flows, it carries along small pieces of rock and soil.', 'This sediment can be deposited downstream, creating new landforms such as sandbars and deltas.', 'Rivers are also home to a wide variety of plants and animals.', 'These organisms depend on the river for food, shelter, and reproduction.', 'The unique texture and environment of rivers create a diverse and thriving ecosystem.', 'Despite their importance, rivers are also under threat from human activity.', 'Pollution, dams, and climate change are all taking a toll on river ecosystems.']",-1.0,-1.0,-1.0,-1.0,-3.0,0
topic_72__awtihutoash,"['Arranged marriages have been a part of the Indian culture for centuries.', 'While they are often seen as a relic of the past, they are still practiced by a significant portion of the population today.', 'There are many reasons why people choose to have an arranged marriage, including the desire to find a partner who shares their values and beliefs, the need to secure financial stability, and the desire to avoid the social stigma associated with being single.', 'In recent years, arranged marriages have come under fire from some critics who argue that they are outdated and discriminatory.', 'However, proponents of arranged marriage argue that they can be a positive way for two people to find happiness and fulfillment.', 'Ultimately, the decision of whether or not to have an arranged marriage is a personal one.', 'There is no right or wrong answer, and what works for one person may not work for another.', 'One anecdote that illustrates the complex and nuanced nature of arranged marriages is the story of Anju and Amit.', 'Anju was a young woman from a small village in India.', 'She had always dreamed of finding a husband who loved her for who she was.', 'However, her parents had other plans for her.']",-1.0,-1.0,-1.0,-1.0,-3.0,0
topic_78__diwatiosthw,"['Dear Sonya, I hope this letter finds you well.', 'I am writing to you from our family farm, where the harvest has been good this year.', 'We are grateful for the bountiful crops, and we are working hard to ensure that they are distributed to those who need them most.', 'As you know, food production is a complex issue.', 'There are many factors that contribute to the rate at which food is produced, including the availability of land, water, and other resources.', 'In recent years, the global population has been growing rapidly, which has put a strain on our ability to produce enough food to meet the demand.', 'One way to address this challenge is to build sustainable food systems.', 'Sustainable food systems are those that are able to meet the needs of the present without compromising the ability of future generations to meet their own needs.', 'This means that sustainable food systems must be environmentally sound, economically viable, and socially just.', 'Here on our farm, we are working to build a sustainable food system by using organic farming practices, conserving water, and reducing our carbon footprint.', 'We are also working to connect with local consumers so that we can sell our produce directly to them.']",-1.0,-1.0,-1.0,-1.0,-3.0,0
topic_7__diwrirtsldsrsr,"['Dear [Name], I hope this letter finds you well.', ""I'm writing to you from our family farm, where the harvest has been going well this year."", ""We're expecting a bumper crop of sugarcane, which is used to make rum."", 'Rum is a distilled spirit made from sugarcane molasses or sugarcane juice.', ""It's typically aged in wooden barrels, which gives it its characteristic flavor."", 'Rum can be enjoyed neat, on the rocks, or mixed in cocktails.', 'There are many different types of rum, each with its own unique flavor profile.', 'Some of the most popular types of rum include light rum, dark rum, and spiced rum.', 'Light rum is typically made from molasses and has a light, sweet flavor.', 'Dark rum is made from sugarcane juice and has a richer, more complex flavor.', 'Spiced rum is made with added spices, such as cinnamon, nutmeg, and cloves.', 'Rum is a versatile spirit that can be used in a variety of cocktails.', 'Some classic rum cocktails include the daiquiri, the mojito, and the pina colada.', 'Rum can also be used in more creative cocktails, such as the Hemingway Daiquiri or the Painkiller.']",-1.0,-1.0,-1.0,-1.0,-3.0,0
topic_7__ftotattmotpt,"['Funny pictures and videos are a dime a dozen these days, but some of them stand out from the rest.', 'These are the ones that are so relatable or absurd that they make us laugh out loud.', 'One example is a recent video that went viral of a cat trying to fit into a small box.', 'The cat is clearly struggling, but it keeps trying, and the whole thing is just so funny.', 'Another example is a picture of a dog wearing a hat that is way too big for it.', ""The dog looks so ridiculous that it's impossible not to laugh."", 'These types of funny pictures and videos are often shared on social media, and they can quickly become a ""meme"" A meme is a humorous image, video, or piece of text that is copied and shared online.', 'Memes often use familiar images or phrases, and they can be used to express a wide range of emotions.', 'One thing that must happen when a funny picture or video goes viral is that it is shared with others.', 'This is what makes memes so popular.', 'People see a funny picture or video, and they want to share it with their friends so that they can laugh too.', 'This is why memes can spread so quickly across the internet.']",-1.0,-1.0,-1.0,-1.0,-3.0,0
topic_80__ahatittfwww,"['Agriculture and forestry are two of the most important industries in the world, providing food and shelter for billions of people.', 'However, these industries are also major contributors to climate change, which is having a devastating impact on fish populations.', ""As the Earth's temperature rises, the oceans become warmer and more acidic."", 'This makes it difficult for fish to survive, and many species are being driven to extinction.', 'In addition, climate change is causing sea levels to rise, which is destroying coastal habitats and making it difficult for fish to access food and breeding grounds.', 'The loss of fish is a serious problem, as fish are a vital part of the food chain.', 'They provide food for people, animals, and other marine life.', ""Fish also help to regulate the ocean's ecosystem, and their loss could have a ripple effect on the entire planet."", 'We need to take action to address climate change and protect fish populations.', 'We can do this by reducing our greenhouse gas emissions, investing in renewable energy, and protecting coastal habitats.', 'We can also make changes to our diets, eating more plant-based foods and reducing our consumption of fish.']",-1.0,-1.0,-1.0,-1.0,-3.0,0
topic_81__ttftiifhtt,"['The arts and entertainment are a vital part of our culture.', 'They provide us with a way to express ourselves, to connect with others, and to learn about the world around us.', 'From music to theater to dance to visual art, the arts can enrich our lives in countless ways.', 'The entertainment industry is also a major economic driver, generating billions of dollars in revenue each year.', 'It creates jobs, stimulates tourism, and helps to promote a positive image of our country around the world.', 'In recent years, the arts and entertainment have been facing a number of challenges.', 'Funding for the arts has been cut back, and many cultural institutions are struggling to survive.', 'However, there is still a strong demand for the arts, and artists and performers continue to create new and exciting work.', 'The arts and entertainment are an essential part of our society.', 'They make us laugh, they make us cry, and they make us think.']",-1.0,-1.0,-1.0,-1.0,-3.0,0
topic_85__iiimiptsptifdoy,"['I am a 14-year old young woman who loves animals.', 'I have always had pets, and I think they are a great way to learn responsibility and compassion.', 'I have had dogs, cats, fish, hamsters, and rabbits.', 'My current pets are a dog named Charlie and a cat named Mittens.', 'I love them both very much.', 'Pets can provide companionship and unconditional love.', 'They can also help us to stay active and healthy.', 'Studies have shown that people who own pets are less likely to experience loneliness, depression, and anxiety.', 'Pets can also help to lower blood pressure and cholesterol levels.', 'There are many different types of pets to choose from, so you can find one that is a good fit for your personality and lifestyle.', 'If you are thinking about getting a pet, there are a few things you should consider.', 'First, you need to decide what type of pet you would like.', 'Do you want a dog, cat, fish, or other animal?', 'Once you have decided on a type of pet, you need to find a reputable breeder or animal shelter.', 'You should also make sure that you have the time and resources to properly care for your pet.']",-1.0,-1.0,-1.0,-1.0,-3.0,0
topic_86__ityieyiyisgi,"['If you want to have clean beauty, you should start by eating a healthy diet.', 'This means avoiding processed foods and eating plenty of fruits, vegetables, and whole grains.', 'You should also drink plenty of water to stay hydrated.', 'In addition to eating a healthy diet, you should also get regular exercise.', 'Exercise helps to improve your circulation and lymphatic drainage, which can help to clear your skin and reduce inflammation.', 'You should also avoid using harsh chemicals on your skin.', 'Instead, use gentle cleansers and moisturizers that are designed for your skin type.', 'You should also avoid using products that contain sulfates, parabens, and phthalates, as these chemicals can irritate your skin and damage your hair.', 'If you want to achieve clean beauty, you should also take care of your mental health.', ""Stress can wreak havoc on your skin, so it's important to find healthy ways to manage stress."", 'Getting enough sleep, eating a healthy diet, and exercising regularly can all help to reduce stress levels.', 'If you follow these tips, you can achieve clean beauty from the inside out.']",-1.0,-1.0,-1.0,-1.0,-3.0,0
topic_87__iibogtfttivnt,"['I have been considering the science of heredity and variation in living organisms.', 'It is a vast and complex field, and I cannot hope to do it justice in a short dialogue.', 'But I would like to share some of my thoughts on the subject, and perhaps spark a discussion.', 'One of the most important things to understand about heredity is that it is not simply a matter of passing on genes from parents to offspring.', 'Genes are only one part of the story.', 'The environment also plays a major role in determining how an organism develops.', 'For example, two identical twins may have the same genes, but they will not necessarily look or behave the same.', 'This is because they will have been exposed to different environmental factors during their development.', ""The environment can affect an organism's development in a number of ways."", 'It can influence the expression of genes, the way that genes interact with each other, and the way that the organism responds to its surroundings.', 'Variation in living organisms is the result of both heredity and the environment.', 'No two organisms are exactly alike, even if they are identical twins.', 'This variation is essential for evolution.']",-1.0,-1.0,-1.0,-1.0,-3.0,0
topic_88__twibthattt,"['Translation has many benefits, including increasing the relative value of content, improving accessibility, and opening up new markets.', 'When content is translated, it becomes accessible to a wider audience, which can lead to increased sales and profits.', 'In addition, translation can help to build relationships with customers in other countries and cultures.', 'By displaying content in multiple languages, businesses can show that they are committed to reaching a global audience.', 'This can help to build trust and credibility with potential customers.', 'Here are some specific examples of how translation has benefited businesses: * A small business that sells handmade jewelry translated its website into Spanish, French, and German.', 'As a result, it saw a significant increase in sales from international customers * A large corporation that manufactures medical devices translated its product manuals into multiple languages.', 'This helped to ensure that doctors and nurses in other countries could use the devices safely and effectively * A nonprofit organization that provides humanitarian aid translated its brochures and websites into dozens of languages.', ""This helped to reach people in need who would not have otherwise been able to access the organization's resources."", 'Translation is a powerful tool that can help businesses to grow and succeed.']",-1.0,-1.0,-1.0,-1.0,-3.0,0
topic_90__ttppftitfr,"['The debate about ecology, the environment, and human-caused climate change is a complex and multifaceted one.', 'There are many different social issues that intersect with this debate, including poverty, inequality, and race.', 'Poverty is a major driver of environmental degradation.', 'People living in poverty often have to resort to environmentally destructive practices in order to survive.', 'For example, they may burn wood for cooking or heating, which releases harmful pollutants into the air.', 'They may also cut down trees to produce arable farmland, leading to deforestation and the spread of deserts.', 'Income inequality is also a major factor in environmental degradation.', ""The richest people in the world consume a disproportionately large share of the world's resources, while the poorest people often have to live with the consequences of environmental pollution."", ""For example, the richest 10% of the world's population produce over half of global greenhouse gas emissions, while the poorest 50% produce only a fraction of that amount."", 'Race is another important factor in the debate about ecology, the environment, and climate change.']",-1.0,-1.0,-1.0,-1.0,-3.0,0
topic_94__wontnwtotnhdi,"['While there are still challenges to be overcome, the potential benefits of nuclear energy are significant.', 'One of the biggest advantages of nuclear energy is its stability.', 'Nuclear power plants can operate 24 hours a day, 7 days a week, regardless of the weather or other conditions.', 'This means that they can provide a reliable source of electricity, even when other sources are unavailable.', 'Nuclear energy also has a relatively low carbon footprint.', 'When compared to fossil fuels, nuclear energy produces much less greenhouse gas emissions.', 'This makes it a more environmentally friendly option for generating electricity.', 'Of course, there are also challenges to be overcome with nuclear energy.', 'The most significant of these is the issue of nuclear waste.', 'Nuclear waste is radioactive and must be stored safely for many years.', 'However, there are a number of promising technologies being developed to deal with this issue.', 'Despite the challenges, the potential benefits of nuclear energy are significant.', 'It is a clean, reliable, and efficient source of energy that can help us to meet our growing energy needs.']",-1.0,-1.0,-1.0,-1.0,-3.0,0
topic_97__otwotatmfwt,"['Obesity is a major public health problem, affecting one in three adults in the United States.', 'There are many factors that contribute to obesity, including genetics, diet, and lifestyle.', 'While there is no one-size-fits-all solution to weight loss, there are a number of things that people can do to adopt healthier habits and lose weight.', 'One important step is to see a specialist, such as a doctor or dietitian, who can help you develop a personalized weight loss plan.', 'This plan will take into account your individual needs and goals, and will help you make gradual changes to your diet and lifestyle that are sustainable over the long term.', 'Another important step is to adopt healthier habits.', 'This includes eating a healthy diet, getting regular exercise, and getting enough sleep.', 'Making small changes to your lifestyle, such as cutting out sugary drinks and processed foods, and walking for 30 minutes every day, can make a big difference over time.', 'Finally, it is important to be patient and persistent.', 'Weight loss is a journey, not a destination.', 'There will be setbacks along the way, but it is important to stay focused on your goals and keep moving forward.']",-1.0,-1.0,-1.0,-1.0,-3.0,0
topic_9__wtimhiattitwt,"['When my husband acquired his first computer, the technology was still in its infancy.', 'The computer was a large, bulky machine that took up a significant amount of space in our living room.', 'It was also very expensive, and we had to save up for several months to be able to afford it.', 'My husband was very excited about his new computer, and he spent hours learning how to use it.', 'He quickly became an expert in using the computer to do research, write papers, and play games.', 'I was not as interested in using the computer, but I did appreciate the convenience of being able to use it to pay bills and do other tasks that used to require a trip to the library or store.', 'As the years went by, computers became more and more affordable and accessible.', 'They also became smaller and more powerful.', 'This made them more popular with people of all ages, including women.', 'I eventually became interested in using computers to do things like create presentations for work and manage my finances.', 'Today, computers and electronics are a part of our everyday lives.', 'We use them for work, school, entertainment, and communication.', 'They have made our lives easier and more convenient in many ways.']",-1.0,-1.0,-1.0,-1.0,-3.0,0
zambia_current__zizzhttcotz,"['Zambia is a landlocked country in Southern Africa.', 'It is bordered by Angola to the west, the Democratic Republic of the Congo to the north, Tanzania to the northeast, Malawi to the east, Mozambique to the southeast, Zimbabwe to the south, and Botswana to the southwest.', 'Zambia has a population of over 17 million people and a land area of 752,618 square kilometers.', ""Zambia's current president is Hakainde Hichilema, who was elected in August 2021."", 'Hichilema is a member of the United Party for National Development (UPND).', 'The UPND is the largest opposition party in Zambia.', 'The economy of Zambia is based on copper mining.', ""Copper is the country's largest export."", 'Other important exports include cobalt, zinc, and lead.', 'The Zambian economy has been struggling in recent years due to low copper prices.', 'Zambia is a member of the United Nations, the African Union, and the Southern African Development Community (SADC).']",-1.0,-1.0,-1.0,-1.0,-3.0,0
zambia_historical__titzokhihkhz,"[""The declaration of Zambia's independence from Britain on October 24, 1964, was a momentous occasion in the country's history."", 'It marked the end of colonial rule and the beginning of a new era of self-determination.', 'The road to independence was not easy, however.', 'Zambians had to fight for their freedom, and they faced many challenges along the way.', ""One of the most important figures in Zambia's independence struggle was Kenneth Kaunda."", 'Kaunda was a charismatic leader who mobilized the Zambian people to fight for their rights.', 'He was also a skilled diplomat who was able to negotiate a peaceful settlement with the British government.', 'In 1964, Kaunda became the first president of Zambia.', ""He ruled the country for 27 years, during which time he oversaw Zambia's transition from a colony to a modern independent nation."", 'Kaunda was a strong advocate for pan-Africanism and played a leading role in the Organization of African Unity (OAU).', 'He also helped to establish the Non-Aligned Movement, a group of countries that are not aligned with either the United States or the Soviet Union.', ""Zambia's independence was a major victory for the Zambian people.""]",-1.0,-1.0,-1.0,-1.0,-3.0,0
zimbabwe_current__zitztiiititrmh,"['Zimbabwe is a country in southern Africa.', 'It is bordered by South Africa to the south, Botswana to the west, Mozambique to the east, and Zambia to the north.', 'The capital and largest city is Harare.', 'Zimbabwe has a long and complex history.', 'The area was first inhabited by Bantu peoples in the 11th century.', 'In the 19th century, the Ndebele people migrated to the area from South Africa.', 'In the 1880s, the British colonized Zimbabwe and named it Southern Rhodesia.', 'In 1965, Southern Rhodesia declared independence from Britain as a white-minority-ruled state.', 'The country was renamed Rhodesia in 1970.', 'In 1979, a civil war broke out between the Rhodesian government and the Zimbabwe African National Liberation Army (ZANLA).', 'The war ended in 1980, when Rhodesia was granted independence as Zimbabwe.', 'Robert Mugabe became the first president of Zimbabwe.', 'Mugabe ruled Zimbabwe for 37 years.', 'He was a controversial figure who was accused of human rights abuses and corruption.']",-1.0,-1.0,-1.0,-1.0,-3.0,0
